name,subdir,N,E,N_types,specificity,degree_mean,degree_hetero,max_edges,clustering_coeff,max_chordless_cycle,self_assembly_probability,tree_num,guided_assembly_probability,tree_depth,tree_leaves,tree_N
LTC6090_LTC2054_DN513_F02_,ltspice_demos,56,63,25,0.8861607142857143,2.25,6.928571428571429,63,0.0386904761904761,12,,0.0,0.001,0.0,1.0,1.0
LT1964_DC437,ltspice_demos,17,18,11,0.8156862745098039,2.117647058823529,6.0,18,0.0705882352941176,4,,0.0,1.0,0.0,1.0,1.0
LT3509,ltspice_demos,24,27,16,0.8407407407407407,2.25,8.0,27,0.099537037037037,4,,0.0,1.0,0.0,1.0,1.0
LTC6362_LTC5599_Baseband_IQModulator,ltspice_demos,58,66,25,0.8975095785440613,2.2758620689655173,6.965517241379311,66,0.0,16,,0.0,0.001,2.0,30.0,32.0
LTC6993_TA10_LTC6994_,ltspice_demos,52,55,18,0.7209653092006034,2.1153846153846154,6.5,55,0.0089743589743589,4,,0.0,0.01,1.0,20.0,21.0
LTC6993_TA10_LTC6994_,ltspice_demos,52,55,18,0.7209653092006034,2.1153846153846154,6.5,55,0.0089743589743589,4,,1.0,0.01,2.0,21.0,23.0
LTC6993_TA10_LTC6994_,ltspice_demos,52,55,18,0.7209653092006034,2.1153846153846154,6.5,55,0.0089743589743589,4,,2.0,0.01,1.0,21.0,22.0
LTC6993_TA10_LTC6994_,ltspice_demos,52,55,18,0.7209653092006034,2.1153846153846154,6.5,55,0.0089743589743589,4,,3.0,0.01,1.0,23.0,24.0
LTC6993_TA10_LTC6994_,ltspice_demos,52,55,18,0.7209653092006034,2.1153846153846154,6.5,55,0.0089743589743589,4,,4.0,0.01,2.0,24.0,26.0
LT3092,ltspice_demos,10,10,8,0.9714285714285714,2.0,5.4,10,0.0,4,,0.0,1.0,0.0,1.0,1.0
LTC6081_TA04,ltspice_demos,26,33,15,0.943040293040293,2.5384615384615383,8.615384615384615,33,0.0,7,,0.0,0.06,2.0,22.0,24.0
LTC6081_TA04,ltspice_demos,26,33,15,0.943040293040293,2.5384615384615383,8.615384615384615,33,0.0,7,,1.0,0.06,3.0,22.0,25.0
LTC6081_TA04,ltspice_demos,26,33,15,0.943040293040293,2.5384615384615383,8.615384615384615,33,0.0,7,,2.0,0.06,3.0,22.0,25.0
LT1584-33_TA01,ltspice_demos,12,11,7,0.7037037037037037,1.8333333333333333,4.0,11,0.0,0,,0.0,1.0,0.0,1.0,1.0
LTC6992-2,ltspice_demos,58,58,22,0.8222495894909688,2.0,6.620689655172414,58,0.0,4,,0.0,0.71,1.0,30.0,31.0
LTC6268_isoSPI_DiffAmp,ltspice_demos,81,87,24,0.896135265700483,2.1481481481481484,5.876543209876544,87,0.0,16,,,,,,
LTC6244_60kHz_PeakHold_Pos_and_Neg,ltspice_demos,63,71,16,0.8240917107583774,2.253968253968254,6.349206349206349,71,0.0455026455026455,18,,0.0,0.001,2.0,8.0,10.0
LT1083_TA04,ltspice_demos,18,19,12,0.8409090909090909,2.111111111111111,5.777777777777778,19,0.0,4,,0.0,1.0,0.0,1.0,1.0
LT1761_DC330,ltspice_demos,17,18,11,0.8156862745098039,2.117647058823529,6.0,18,0.0705882352941176,4,,0.0,1.0,0.0,1.0,1.0
LT1585-33_TA01,ltspice_demos,12,11,7,0.7037037037037037,1.8333333333333333,4.0,11,0.0,0,,0.0,1.0,0.0,1.0,1.0
LTC1068_TA15,ltspice_demos,41,57,19,0.9267389340560072,2.7804878048780486,17.121951219512194,57,0.1999999999999999,8,,,,,,
LTC6081_TA02_,ltspice_demos,41,49,19,0.8995031616982836,2.3902439024390243,7.512195121951219,49,0.0,16,,0.0,0.001,0.0,1.0,1.0
LT1116_AI01,ltspice_demos,13,12,8,0.7802197802197802,1.8461538461538465,4.923076923076923,12,0.0,0,,0.0,1.0,0.0,1.0,1.0
LT6703-3_PSMonitor,ltspice_demos,17,18,11,0.8588235294117648,2.117647058823529,5.411764705882353,18,0.0,4,,0.0,0.193,1.0,7.0,8.0
LTC6081_TA02,ltspice_demos,41,49,19,0.8995031616982836,2.3902439024390243,7.512195121951219,49,0.0,16,,0.0,0.01,1.0,27.0,28.0
LTC6081_TA02,ltspice_demos,41,49,19,0.8995031616982836,2.3902439024390243,7.512195121951219,49,0.0,16,,1.0,0.01,1.0,27.0,28.0
LT3081_TA04,ltspice_demos,27,30,13,0.8302469135802468,2.2222222222222223,7.037037037037037,30,0.0,6,,0.0,0.05,1.0,12.0,13.0
LTC6268_isoSPI_DiffAmp_,ltspice_demos,81,87,24,0.896135265700483,2.1481481481481484,5.876543209876544,87,0.0,16,,,,,,
LT3082,ltspice_demos,15,14,9,0.8222222222222222,1.8666666666666667,4.666666666666667,14,0.0,0,,0.0,1.0,0.0,1.0,1.0
LT1001_TA10,ltspice_demos,23,28,9,0.8353260869565218,2.4347826086956523,7.130434782608695,28,0.0623188405797101,10,,0.0,0.001,1.0,5.0,6.0
LTC6405_MixerApp,ltspice_demos,68,71,25,0.8637254901960785,2.088235294117647,6.5,71,0.0,18,,,,,,
LTC6991_TA07,ltspice_demos,23,24,15,0.8540372670807453,2.0869565217391304,5.913043478260869,24,0.0608695652173913,4,,,,,,
LT3466,ltspice_demos,28,29,11,0.8678571428571429,2.071428571428572,7.642857142857143,29,0.0482683982683982,11,,,,,,
LTC6993-2_TA06,ltspice_demos,41,46,20,0.7768934531450578,2.2439024390243905,7.024390243902439,46,0.0699186991869918,10,,0.0,0.001,1.0,29.0,30.0
LT6105_1V,ltspice_demos,16,16,10,0.8564814814814815,2.0,5.5,16,0.0,6,,0.0,1.0,0.0,1.0,1.0
LT1374HV,ltspice_demos,24,27,17,0.8871527777777778,2.25,7.75,27,0.0,6,,0.0,0.7,1.0,16.0,17.0
LT6105_F05,ltspice_demos,17,18,10,0.888888888888889,2.117647058823529,6.235294117647059,18,0.0725490196078431,5,,0.0,1.0,0.0,1.0,1.0
LT3081_TA01A,ltspice_demos,21,21,13,0.7724867724867726,2.0,5.428571428571429,21,0.0587301587301587,3,,0.0,1.0,0.0,1.0,1.0
LT1249_TA01,ltspice_demos,43,49,23,0.8786997885835095,2.2790697674418605,6.837209302325581,49,0.0,14,,0.0,0.001,1.0,35.0,36.0
LTC6404-1_SE_RBal,ltspice_demos,22,23,11,0.85,2.090909090909091,7.818181818181818,23,0.1232323232323232,3,,0.0,0.1599999999999999,1.0,18.0,19.0
LTM8048_DC1560A,ltspice_demos,30,31,16,0.7281481481481481,2.066666666666667,7.133333333333334,31,0.0396296296296296,4,,0.0,0.72,1.0,8.0,9.0
LT1002_TA10,ltspice_demos,21,26,11,0.9044444444444444,2.4761904761904763,7.523809523809524,26,0.0603174603174603,7,,0.0,0.02,1.0,9.0,10.0
LT1002_TA10,ltspice_demos,21,26,11,0.9044444444444444,2.4761904761904763,7.523809523809524,26,0.0603174603174603,7,,1.0,0.02,2.0,10.0,12.0
LT1072HV,ltspice_demos,20,21,13,0.8625,2.1,5.5,21,0.0,6,,,,,,
LT1083_TA01,ltspice_demos,15,15,9,0.8555555555555556,2.0,4.8,15,0.0,4,,0.0,1.0,0.0,1.0,1.0
LT6108_LTC6994_DN495_F01_,ltspice_demos,38,47,23,0.8955342902711323,2.473684210526316,8.736842105263158,47,0.0632832080200501,10,,0.0,0.001,1.0,22.0,23.0
LTC6991_F14,ltspice_demos,15,14,8,0.7873015873015874,1.8666666666666667,4.666666666666667,14,0.0,0,,0.0,1.0,0.0,1.0,1.0
LTC6078_TA15,ltspice_demos,23,24,10,0.7954911433172304,2.0869565217391304,5.217391304347826,24,0.0623188405797101,8,,0.0,0.05,1.0,16.0,17.0
LTC6078_TA15,ltspice_demos,23,24,10,0.7954911433172304,2.0869565217391304,5.217391304347826,24,0.0623188405797101,8,,1.0,0.05,1.0,16.0,17.0
LTC6078_TA15,ltspice_demos,23,24,10,0.7954911433172304,2.0869565217391304,5.217391304347826,24,0.0623188405797101,8,,2.0,0.05,2.0,18.0,20.0
LTC6993_TA10_LTC6994,ltspice_demos,52,55,18,0.7209653092006034,2.1153846153846154,6.5,55,0.0089743589743589,4,,0.0,0.01,2.0,51.0,53.0
LTC6993_TA10_LTC6994,ltspice_demos,52,55,18,0.7209653092006034,2.1153846153846154,6.5,55,0.0089743589743589,4,,1.0,0.01,2.0,51.0,53.0
LTC6993_TA10_LTC6994,ltspice_demos,52,55,18,0.7209653092006034,2.1153846153846154,6.5,55,0.0089743589743589,4,,2.0,0.01,1.0,50.0,51.0
LTC6993_TA10_LTC6994,ltspice_demos,52,55,18,0.7209653092006034,2.1153846153846154,6.5,55,0.0089743589743589,4,,3.0,0.01,2.0,51.0,53.0
LTC6993_TA10_LTC6994,ltspice_demos,52,55,18,0.7209653092006034,2.1153846153846154,6.5,55,0.0089743589743589,4,,4.0,0.01,2.0,51.0,53.0
LTC6993_TA10_LTC6994,ltspice_demos,52,55,18,0.7209653092006034,2.1153846153846154,6.5,55,0.0089743589743589,4,,5.0,0.01,1.0,50.0,51.0
LTC6993_TA10_LTC6994,ltspice_demos,52,55,18,0.7209653092006034,2.1153846153846154,6.5,55,0.0089743589743589,4,,6.0,0.01,1.0,50.0,51.0
LTC6993_TA10_LTC6994,ltspice_demos,52,55,18,0.7209653092006034,2.1153846153846154,6.5,55,0.0089743589743589,4,,7.0,0.01,1.0,50.0,51.0
LTC6993_TA10_LTC6994,ltspice_demos,52,55,18,0.7209653092006034,2.1153846153846154,6.5,55,0.0089743589743589,4,,8.0,0.01,2.0,51.0,53.0
LTC6993_TA10_LTC6994,ltspice_demos,52,55,18,0.7209653092006034,2.1153846153846154,6.5,55,0.0089743589743589,4,,9.0,0.01,1.0,50.0,51.0
LTC6993_TA10_LTC6994,ltspice_demos,52,55,18,0.7209653092006034,2.1153846153846154,6.5,55,0.0089743589743589,4,,10.0,0.01,2.0,51.0,53.0
LTC6993_TA10_LTC6994,ltspice_demos,52,55,18,0.7209653092006034,2.1153846153846154,6.5,55,0.0089743589743589,4,,11.0,0.01,1.0,51.0,52.0
LTC6993_TA10_LTC6994,ltspice_demos,52,55,18,0.7209653092006034,2.1153846153846154,6.5,55,0.0089743589743589,4,,12.0,0.01,1.0,51.0,52.0
LTC6993_TA10_LTC6994,ltspice_demos,52,55,18,0.7209653092006034,2.1153846153846154,6.5,55,0.0089743589743589,4,,13.0,0.01,1.0,51.0,52.0
LTC6993_TA10_LTC6994,ltspice_demos,52,55,18,0.7209653092006034,2.1153846153846154,6.5,55,0.0089743589743589,4,,14.0,0.01,1.0,51.0,52.0
LTC6993_TA10_LTC6994,ltspice_demos,52,55,18,0.7209653092006034,2.1153846153846154,6.5,55,0.0089743589743589,4,,15.0,0.01,1.0,51.0,52.0
LTC6993_TA10_LTC6994,ltspice_demos,52,55,18,0.7209653092006034,2.1153846153846154,6.5,55,0.0089743589743589,4,,16.0,0.01,1.0,51.0,52.0
LT1792_LT1097_TA01,ltspice_demos,30,35,15,0.8825396825396825,2.333333333333333,6.533333333333333,35,0.0,10,,0.0,0.001,1.0,16.0,17.0
LT1792_LT1464_LTJ1999SEPF3,ltspice_demos,30,35,15,0.8825396825396825,2.333333333333333,6.533333333333333,35,0.0,10,,,,,,
LT1567_F05,ltspice_demos,17,19,12,0.8877005347593583,2.235294117647059,8.0,19,0.0668067226890756,4,,,,,,
LT1086_TA14,ltspice_demos,17,17,10,0.8300653594771241,2.0,4.941176470588236,17,0.0,4,,,,,,
LTC6362_LTC5599_Baseband_IQModulator_,ltspice_demos,58,66,25,0.8975095785440613,2.2758620689655173,6.965517241379311,66,0.0,16,,,,,,
LT1085_TA01,ltspice_demos,15,15,9,0.8555555555555556,2.0,4.8,15,0.0,4,,,,,,
LT1028_TA10_LT1055,ltspice_demos,47,57,25,0.9106826241134752,2.425531914893617,7.531914893617022,57,0.0,13,,,,,,
LTC6994_TA02_LTC6993,ltspice_demos,26,27,13,0.7083333333333333,2.076923076923077,6.307692307692308,27,0.0115384615384615,4,,,,,,
LTC3112_DC1598A,ltspice_demos,47,57,25,0.9157801418439716,2.425531914893617,13.319148936170214,57,0.1068806768694786,5,,,,,,
LTM8047_DC1693A,ltspice_demos,22,22,13,0.7222222222222222,2.0,5.818181818181818,22,0.0,4,,,,,,
LTC6406_DN454F03,ltspice_demos,30,34,16,0.9177777777777778,2.2666666666666666,8.0,34,0.0,9,,,,,,
LT6105_F07,ltspice_demos,26,30,11,0.9205128205128204,2.3076923076923075,7.538461538461538,30,0.0897435897435897,5,,,,,,
LTC6081_TA01,ltspice_demos,26,28,14,0.878698224852071,2.1538461538461537,5.846153846153846,28,0.0,8,,,,,,
LTC6994,ltspice_demos,22,24,10,0.7861952861952862,2.1818181818181817,7.090909090909091,24,0.0106060606060606,4,,,,,,
LT1113_TA01,ltspice_demos,30,35,14,0.8673504273504274,2.333333333333333,6.533333333333333,35,0.0,10,,,,,,
LTC6244_F11A,ltspice_demos,28,34,14,0.8994047619047619,2.4285714285714284,7.142857142857143,34,0.0,13,,,,,,
LT1792_LT1464_LTJ1999SEPF3_,ltspice_demos,30,35,15,0.8825396825396825,2.333333333333333,6.533333333333333,35,0.0,10,,,,,,
LT1028_TA10_LT1055_1,ltspice_demos,47,57,25,0.9106826241134752,2.425531914893617,7.531914893617022,57,0.0,13,,,,,,
LTC6400-20_Noise,ltspice_demos,24,24,13,0.8020833333333334,2.0,6.833333333333333,24,0.0,6,,,,,,
LT3014B_TA01,ltspice_demos,20,20,11,0.8433333333333333,2.0,6.6,20,0.0,4,,,,,,
LTC1966_TA09,ltspice_demos,17,15,11,,1.7647058823529411,4.117647058823529,14,0.0,0,,,,,,
LTC2053_CurrentSense_1V,ltspice_demos,22,25,13,0.8926767676767677,2.272727272727273,6.454545454545454,25,0.0,8,,,,,,
LT1721_AN98F19,ltspice_demos,35,37,15,0.789795918367347,2.1142857142857143,6.285714285714286,37,0.0,8,,,,,,
LT6108_LTC6994_DN495_F01,ltspice_demos,38,47,23,0.8955342902711323,2.473684210526316,8.736842105263158,47,0.0632832080200501,10,,,,,,
LTC6994_TA01A,ltspice_demos,33,34,12,0.7369146005509641,2.060606060606061,5.9393939393939394,34,0.0,4,,,,,,
LT6106_F4,ltspice_demos,15,16,9,0.825,2.1333333333333333,6.0,16,0.0844444444444444,5,,,,,,
LT1028_TA10_LT1055_,ltspice_demos,47,57,25,0.9106826241134752,2.425531914893617,7.531914893617022,57,0.0,13,,,,,,
LT1587-33_TA01,ltspice_demos,12,11,7,0.7037037037037037,1.8333333333333333,4.0,11,0.0,0,,,,,,
LT1431_TA13,ltspice_demos,32,38,14,0.9377003205128204,2.375,9.1875,38,0.0,6,,,,,,
LTC6400-20_SE_Input,ltspice_demos,36,36,13,0.7754629629629629,2.0,7.555555555555555,36,0.0,4,,,,,,
LT1055_TA10,ltspice_demos,57,73,22,0.9447229184071289,2.56140350877193,8.350877192982455,73,0.0,20,,,,,,
LT1792_LT1097_TA01_,ltspice_demos,30,35,15,0.8825396825396825,2.333333333333333,6.533333333333333,35,0.0,10,,,,,,
LTC6752_F12,ltspice_demos,30,34,15,0.8413095238095238,2.2666666666666666,6.666666666666667,34,0.0,8,,,,,,
LTC6090_LTC2054_DN513_F02,ltspice_demos,56,63,25,0.8861607142857143,2.25,6.928571428571429,63,0.0386904761904761,12,,,,,,
LT1084_TA01,ltspice_demos,15,15,9,0.8555555555555556,2.0,4.8,15,0.0,4,,,,,,
LT1037_TA01,ltspice_demos,25,27,14,0.8461538461538461,2.16,5.76,27,0.0,9,,,,,,
LTC6401-8_Gainof1,ltspice_demos,18,18,10,0.8765432098765432,2.0,7.444444444444445,18,0.0,4,,,,,,
LTC6090_HVIntegrator,ltspice_demos,17,17,10,0.8649237472766884,2.0,6.705882352941177,17,0.0,4,,,,,,
6081,ltspice_examples,26,28,14,0.878698224852071,2.1538461538461537,5.846153846153846,28,0.0,8,,,,,,
ADP162-3,ltspice_examples,11,10,7,0.696969696969697,1.818181818181818,4.181818181818182,10,0.0,0,,,,,,
1251,ltspice_examples,20,21,11,0.79,2.1,11.0,21,0.1346153846153846,3,,,,,,
1178,ltspice_examples,10,10,6,0.74,2.0,5.4,10,0.1433333333333333,3,,,,,,
1997-3,ltspice_examples,24,24,9,0.8836805555555556,2.0,11.75,24,0.0,5,,,,,,
6202,ltspice_examples,11,11,7,0.803030303030303,2.0,5.2727272727272725,11,0.1303030303030303,3,,,,,,
1206,ltspice_examples,12,12,9,0.875,2.0,5.833333333333333,12,0.1166666666666666,3,,,,,,
6993-3,ltspice_examples,15,15,9,0.7444444444444445,2.0,5.6,15,0.0,4,,,,,,
gr_del,ltspice_examples,35,36,17,,2.057142857142857,4.742857142857143,34,0.0,6,,,,,,
1085,ltspice_examples,12,12,9,0.875,2.0,4.833333333333333,12,0.0,4,,,,,,
1355,ltspice_examples,30,35,15,0.8764285714285714,2.333333333333333,6.733333333333333,35,0.0,8,,,,,,
1210,ltspice_examples,16,16,11,0.8708333333333333,2.0,5.5,16,0.0,4,,,,,,
elip_grd,ltspice_examples,61,67,33,,2.19672131147541,5.836065573770492,66,0.0,6,,,,,,
1990,ltspice_examples,11,10,6,0.7818181818181819,1.818181818181818,6.181818181818182,10,0.0,0,,,,,,
1790-3,ltspice_examples,9,8,6,0.7333333333333334,1.7777777777777777,3.7777777777777777,8,0.0,0,,,,,,
AD8034,ltspice_examples,11,11,7,0.803030303030303,2.0,5.2727272727272725,11,0.1303030303030303,3,,,,,,
6078,ltspice_examples,23,24,10,0.7954911433172304,2.0869565217391304,5.217391304347826,24,0.0623188405797101,8,,,,,,
1006S8,ltspice_examples,13,13,8,0.7728937728937728,2.0,5.230769230769231,13,0.0,4,,,,,,
AD8608,ltspice_examples,14,14,7,0.8035714285714286,2.0,5.142857142857143,14,0.0,4,,,,,,
1494,ltspice_examples,58,67,18,0.8546991210277214,2.310344827586207,6.724137931034483,67,0.0,10,,,,,,
1882,ltspice_examples,11,11,7,0.803030303030303,2.0,5.2727272727272725,11,0.1303030303030303,3,,,,,,
1562-2,ltspice_examples,32,42,11,0.94375,2.625,17.5,42,0.2197368421052631,6,,,,,,
2943,ltspice_examples,14,15,9,0.9464285714285714,2.142857142857143,8.0,15,0.0858843537414966,4,,,,,,
1396,ltspice_examples,29,35,13,0.9059386973180076,2.413793103448276,6.965517241379311,35,0.0494252873563218,12,,,,,,
6900,ltspice_examples,7,7,6,0.9428571428571428,2.0,5.142857142857143,7,0.2142857142857142,3,,,,,,
ADG1412,ltspice_examples,15,14,9,0.65,1.8666666666666667,5.066666666666666,14,0.0,0,,,,,,
SampleAndHold,ltspice_examples,8,6,6,0.95,1.5,2.75,6,0.0,0,,,,,,
1050,ltspice_examples,39,45,21,0.8855982905982906,2.3076923076923075,6.666666666666667,45,0.0,13,,,,,,
4602,ltspice_examples,16,16,8,0.8928571428571429,2.0,9.75,16,0.0844696969696969,3,,,,,,
1115,ltspice_examples,35,42,22,0.9108843537414966,2.4,7.085714285714285,42,0.0361904761904761,11,,,,,,
ADP160-2,ltspice_examples,11,10,7,0.696969696969697,1.818181818181818,4.181818181818182,10,0.0,0,,,,,,
3082,ltspice_examples,15,14,9,0.8222222222222222,1.8666666666666667,4.666666666666667,14,0.0,0,,,,,,
1816,ltspice_examples,21,26,11,0.9044444444444444,2.4761904761904763,7.523809523809524,26,0.0603174603174603,7,,,,,,
1457,ltspice_examples,11,11,7,0.803030303030303,2.0,5.2727272727272725,11,0.1303030303030303,3,,,,,,
1007,ltspice_examples,11,11,8,0.8441558441558441,2.0,5.2727272727272725,11,0.1303030303030303,3,,,,,,
6238,ltspice_examples,11,11,7,0.803030303030303,2.0,5.2727272727272725,11,0.1303030303030303,3,,,,,,
1841,ltspice_examples,10,10,7,0.8,2.0,5.4,10,0.1433333333333333,3,,,,,,
AD8624,ltspice_examples,14,14,7,0.8035714285714286,2.0,5.142857142857143,14,0.0,4,,,,,,
1787,ltspice_examples,14,14,8,0.8707482993197279,2.0,6.428571428571429,14,0.0,4,,,,,,
Vswitch,ltspice_examples,7,5,5,0.8571428571428572,1.4285714285714286,2.2857142857142856,5,0.0,0,,,,,,
6107,ltspice_examples,12,13,9,0.875,2.1666666666666665,6.166666666666667,13,0.1055555555555555,4,,,,,,
1011,ltspice_examples,16,16,11,0.8125,2.0,6.125,16,0.0863095238095238,3,,,,,,
6994-1,ltspice_examples,15,15,9,0.7444444444444445,2.0,5.6,15,0.0,4,,,,,,
1086-3,ltspice_examples,9,8,6,0.7333333333333334,1.7777777777777777,3.7777777777777777,8,0.0,0,,,,,,
ADA4857,ltspice_examples,16,16,8,0.7708333333333334,2.0,5.5,16,0.0,4,,,,,,
6015,ltspice_examples,16,17,9,0.875,2.125,5.5,17,0.0895833333333333,7,,,,,,
ADP165-1,ltspice_examples,11,10,7,0.696969696969697,1.818181818181818,4.181818181818182,10,0.0,0,,,,,,
1800,ltspice_examples,30,35,15,0.8764285714285714,2.333333333333333,6.733333333333333,35,0.0,8,,,,,,
AD8665,ltspice_examples,14,14,7,0.8035714285714286,2.0,5.142857142857143,14,0.0,4,,,,,,
ADG436,ltspice_examples,14,13,7,0.5833333333333334,1.8571428571428568,5.714285714285714,13,0.0,0,,,,,,
1726-2,ltspice_examples,21,20,12,0.7272727272727273,1.9047619047619049,5.809523809523809,20,0.0,0,,,,,,
6119-1,ltspice_examples,27,32,17,0.8842592592592593,2.3703703703703702,8.74074074074074,32,0.0917695473251028,4,,,,,,
1001A,ltspice_examples,23,28,9,0.8353260869565218,2.4347826086956523,7.130434782608695,28,0.0623188405797101,10,,,,,,
ADA4177-2,ltspice_examples,11,11,7,0.803030303030303,2.0,5.2727272727272725,11,0.1303030303030303,3,,,,,,
ADA4077-2,ltspice_examples,14,14,7,0.8035714285714286,2.0,5.142857142857143,14,0.0,4,,,,,,
2903-B1,ltspice_examples,12,12,8,0.761904761904762,2.0,5.833333333333333,12,0.1166666666666666,3,,,,,,
1021-7,ltspice_examples,5,4,4,0.8666666666666667,1.6,3.2,4,0.0,0,,,,,,
6656-1,ltspice_examples,6,5,4,0.6666666666666667,1.6666666666666667,3.333333333333333,5,0.0,0,,,,,,
3466-1,ltspice_examples,23,24,13,0.8429951690821256,2.0869565217391304,8.608695652173912,24,0.0587615283267457,4,,,,,,
1374HV,ltspice_examples,24,27,17,0.8871527777777778,2.25,7.75,27,0.0,6,,,,,,
3502A,ltspice_examples,22,26,14,0.8776223776223776,2.363636363636364,8.090909090909092,26,0.1093073593073593,4,,,,,,
1634-2,ltspice_examples,5,4,4,0.8666666666666667,1.6,2.8,4,0.0,0,,,,,,
1359,ltspice_examples,30,35,15,0.8764285714285714,2.333333333333333,6.733333333333333,35,0.0,8,,,,,,
AD8604,ltspice_examples,14,14,7,0.8035714285714286,2.0,5.142857142857143,14,0.0,4,,,,,,
1498,ltspice_examples,30,35,15,0.8764285714285714,2.333333333333333,6.733333333333333,35,0.0,8,,,,,,
AD8038,ltspice_examples,11,11,7,0.803030303030303,2.0,5.2727272727272725,11,0.1303030303030303,3,,,,,,
1079A,ltspice_examples,11,11,7,0.803030303030303,2.0,5.2727272727272725,11,0.1303030303030303,3,,,,,,
ADA4637,ltspice_examples,14,14,7,0.8035714285714286,2.0,5.142857142857143,14,0.0,4,,,,,,
1230,ltspice_examples,28,31,18,0.8723739495798319,2.2142857142857144,6.285714285714286,31,0.0,4,,,,,,
ADuM4121B,ltspice_examples,12,12,8,0.761904761904762,2.0,5.833333333333333,12,0.1166666666666666,3,,,,,,
AD5535Bopamp,ltspice_examples,12,11,8,0.761904761904762,1.8333333333333333,4.666666666666667,11,0.0,0,,,,,,
1086-12,ltspice_examples,9,8,6,0.7333333333333334,1.7777777777777777,3.7777777777777777,8,0.0,0,,,,,,
AD811,ltspice_examples,14,14,8,0.7789115646258504,2.0,5.142857142857143,14,0.0,4,,,,,,
6234,ltspice_examples,20,22,11,0.8683333333333334,2.2,5.9,22,0.0,6,,,,,,
ADG5236,ltspice_examples,14,13,7,0.5833333333333334,1.8571428571428568,5.714285714285714,13,0.0,0,,,,,,
ADA4661-2,ltspice_examples,14,14,7,0.8035714285714286,2.0,5.142857142857143,14,0.0,4,,,,,,
AD8628,ltspice_examples,14,14,7,0.8035714285714286,2.0,5.142857142857143,14,0.0,4,,,,,,
1637,ltspice_examples,16,18,11,0.9104166666666668,2.25,6.75,18,0.0458333333333333,5,,,,,,
ADM7155-01,ltspice_examples,22,23,9,0.728219696969697,2.090909090909091,6.545454545454546,23,0.0622294372294372,4,,,,,,
4065,ltspice_examples,14,13,10,0.8412698412698413,1.8571428571428568,4.571428571428571,13,0.0,4,,,,,,
butter,ltspice_examples,100,96,27,0.7383846153846155,1.92,4.72,96,0.0,0,,,,,,
LTZ1000A,ltspice_examples,22,24,13,0.8257575757575758,2.1818181818181817,7.454545454545454,24,0.0,6,,,,,,
6222,ltspice_examples,30,35,15,0.8764285714285714,2.333333333333333,6.733333333333333,35,0.0,8,,,,,,
ADG1633,ltspice_examples,23,22,8,0.782608695652174,1.9130434782608696,12.869565217391305,22,0.0,0,,,,,,
2912-3,ltspice_examples,19,21,12,0.8532695374800638,2.210526315789474,7.368421052631579,21,0.1265664160401002,4,,,,,,
OP296,ltspice_examples,14,14,7,0.8035714285714286,2.0,5.142857142857143,14,0.0,4,,,,,,
ADA4000-4,ltspice_examples,11,11,7,0.803030303030303,2.0,5.2727272727272725,11,0.1303030303030303,3,,,,,,
S-param,ltspice_examples,177,172,25,0.8452605147520402,1.9435028248587567,4.395480225988701,172,0.0,0,,,,,,
NoiseFigure,ltspice_examples,21,21,14,0.8754578754578755,2.0,4.666666666666667,21,0.0,6,,,,,,
318A,ltspice_examples,11,11,7,0.803030303030303,2.0,5.2727272727272725,11,0.1303030303030303,3,,,,,,
Transformer2,ltspice_examples,11,8,7,,1.4545454545454546,2.363636363636364,7,0.0,0,,,,,,
1949,ltspice_examples,23,25,14,0.8868450390189521,2.1739130434782608,7.043478260869565,25,0.0522774327122153,6,,,,,,
6275,ltspice_examples,11,11,7,0.803030303030303,2.0,5.2727272727272725,11,0.1303030303030303,3,,,,,,
AD8669,ltspice_examples,14,14,7,0.8035714285714286,2.0,5.142857142857143,14,0.0,4,,,,,,
1676,ltspice_examples,25,26,15,0.8285714285714285,2.08,6.64,26,0.0,4,,,,,,
1728-3,ltspice_examples,11,10,7,0.696969696969697,1.818181818181818,4.545454545454546,10,0.0,0,,,,,,
6908-1,ltspice_examples,8,8,6,0.95,2.0,5.75,8,0.1791666666666666,3,,,,,,
MC1648,ltspice_examples,54,67,19,0.8619684499314129,2.4814814814814814,8.407407407407407,67,0.0,19,,,,,,
1363,ltspice_examples,30,35,15,0.8764285714285714,2.333333333333333,6.733333333333333,35,0.0,8,,,,,,
1677,ltspice_examples,15,16,9,0.8666666666666667,2.1333333333333333,5.6,16,0.0955555555555555,7,,,,,,
OP413,ltspice_examples,14,14,7,0.8035714285714286,2.0,5.142857142857143,14,0.0,4,,,,,,
1728-2,ltspice_examples,11,10,7,0.696969696969697,1.818181818181818,4.545454545454546,10,0.0,0,,,,,,
AD8541,ltspice_examples,14,14,7,0.8035714285714286,2.0,5.142857142857143,14,0.0,4,,,,,,
1934-1,ltspice_examples,25,28,16,0.8702222222222222,2.24,6.56,28,0.0,6,,,,,,
1362,ltspice_examples,30,35,15,0.8764285714285714,2.333333333333333,6.733333333333333,35,0.0,8,,,,,,
1004-2,ltspice_examples,5,4,4,0.8666666666666667,1.6,2.8,4,0.0,0,,,,,,
6274,ltspice_examples,11,11,7,0.803030303030303,2.0,5.2727272727272725,11,0.1303030303030303,3,,,,,,
AD8668,ltspice_examples,14,14,7,0.8035714285714286,2.0,5.142857142857143,14,0.0,4,,,,,,
1949-1,ltspice_examples,23,25,14,0.8868450390189521,2.1739130434782608,7.043478260869565,25,0.0522774327122153,6,,,,,,
1101A,ltspice_examples,11,10,6,0.7818181818181819,1.818181818181818,6.181818181818182,10,0.0,0,,,,,,
1270,ltspice_examples,20,21,12,0.8409090909090908,2.1,5.5,21,0.0,6,,,,,,
LoopGain2,ltspice_examples,17,18,11,0.8176470588235294,2.117647058823529,6.117647058823529,18,0.0,5,,,,,,
1581-2,ltspice_examples,13,16,10,0.9316239316239316,2.4615384615384617,8.307692307692308,16,0.1846153846153846,4,,,,,,
2912-2,ltspice_examples,19,21,12,0.8532695374800638,2.210526315789474,7.368421052631579,21,0.1265664160401002,4,,,,,,
6409,ltspice_examples,20,23,10,0.8666666666666667,2.3,7.8,23,0.0,4,,,,,,
6654-1,ltspice_examples,12,9,7,0.6944444444444444,1.5,2.6666666666666665,9,0.0,0,,,,,,
1179A,ltspice_examples,10,10,6,0.74,2.0,5.4,10,0.1433333333333333,3,,,,,,
6235,ltspice_examples,20,22,11,0.8683333333333334,2.2,5.9,22,0.0,6,,,,,,
AD8629,ltspice_examples,14,14,7,0.8035714285714286,2.0,5.142857142857143,14,0.0,4,,,,,,
curvetrace,ltspice_examples,6,5,4,0.6666666666666667,1.6666666666666667,3.333333333333333,5,0.0,0,,,,,,
ADuM4121C,ltspice_examples,12,12,8,0.761904761904762,2.0,5.833333333333333,12,0.1166666666666666,3,,,,,,
1374,ltspice_examples,24,27,17,0.8871527777777778,2.25,7.75,27,0.0,6,,,,,,
1724,ltspice_examples,28,34,14,0.9325091575091576,2.4285714285714284,7.571428571428571,34,0.0,6,,,,,,
AD8691,ltspice_examples,14,14,8,0.7789115646258504,2.0,5.142857142857143,14,0.0,4,,,,,,
2900-2,ltspice_examples,28,29,16,0.773015873015873,2.071428571428572,7.071428571428571,29,0.0,4,,,,,,
OP491,ltspice_examples,14,14,7,0.8035714285714286,2.0,5.142857142857143,14,0.0,4,,,,,,
AD8039,ltspice_examples,11,11,7,0.803030303030303,2.0,5.2727272727272725,11,0.1303030303030303,3,,,,,,
6905-100,ltspice_examples,9,8,6,0.7333333333333334,1.7777777777777777,4.666666666666667,8,0.0,0,,,,,,
3506A,ltspice_examples,51,58,23,0.8628045157456923,2.2745098039215685,9.92156862745098,58,0.0,6,,,,,,
AD8605,ltspice_examples,14,14,7,0.8035714285714286,2.0,5.142857142857143,14,0.0,4,,,,,,
1499,ltspice_examples,30,35,15,0.8764285714285714,2.333333333333333,6.733333333333333,35,0.0,8,,,,,,
6200-10,ltspice_examples,33,40,13,0.8943602693602694,2.4242424242424243,7.878787878787879,40,0.0424242424242424,14,,,,,,
3695-5,ltspice_examples,28,31,16,0.8960317460317461,2.2142857142857144,10.785714285714286,31,0.0841182626896912,4,,,,,,
2942-1,ltspice_examples,11,11,7,0.9090909090909092,2.0,6.909090909090909,11,0.1255411255411255,3,,,,,,
1358,ltspice_examples,30,35,15,0.8764285714285714,2.333333333333333,6.733333333333333,35,0.0,8,,,,,,
ISO16750-2_example,ltspice_examples,6,4,4,0.7777777777777778,1.3333333333333333,2.0,4,0.0,0,,,,,,
6600-15,ltspice_examples,19,19,10,0.7953216374269007,2.0,6.526315789473684,19,0.0,6,,,,,,
ADA4860,ltspice_examples,16,16,7,0.796875,2.0,5.5,16,0.0,4,,,,,,
steptemp,ltspice_examples,46,61,20,0.9289092295957284,2.652173913043478,8.565217391304348,61,0.0,20,,,,,,
1389-2,ltspice_examples,5,4,4,0.8666666666666667,1.6,2.8,4,0.0,0,,,,,,
2908-A1,ltspice_examples,25,24,13,0.721111111111111,1.92,5.6,24,0.0,0,,,,,,
ADA4807-2,ltspice_examples,12,12,8,0.8452380952380952,2.0,5.833333333333333,12,0.1166666666666666,3,,,,,,
ADGS1414D,ltspice_examples,15,14,9,0.65,1.8666666666666667,5.066666666666666,14,0.0,0,,,,,,
1706-85,ltspice_examples,21,21,12,0.6103896103896104,2.0,7.047619047619048,21,0.0251322751322751,3,,,,,,
1122,ltspice_examples,27,33,14,0.9076923076923076,2.4444444444444446,7.333333333333333,33,0.0,10,,,,,,
1067,ltspice_examples,25,32,17,0.9375,2.56,10.8,32,0.1749090909090909,8,,,,,,
ADG1219,ltspice_examples,16,15,8,0.5714285714285715,1.875,6.25,15,0.0,0,,,,,,
6600-5,ltspice_examples,19,19,10,0.7953216374269007,2.0,6.526315789473684,19,0.0,6,,,,,,
AD8613,ltspice_examples,14,14,7,0.8035714285714286,2.0,5.142857142857143,14,0.0,4,,,,,,
1933,ltspice_examples,25,28,15,0.861904761904762,2.24,6.56,28,0.0,6,,,,,,
1767-5,ltspice_examples,20,22,15,0.8928571428571429,2.2,7.1,22,0.0,6,,,,,,
1801,ltspice_examples,30,35,15,0.8764285714285714,2.333333333333333,6.733333333333333,35,0.0,8,,,,,,
AD8664,ltspice_examples,14,14,7,0.8035714285714286,2.0,5.142857142857143,14,0.0,4,,,,,,
1102,ltspice_examples,11,10,6,0.7818181818181819,1.818181818181818,6.181818181818182,10,0.0,0,,,,,,
1086-2,ltspice_examples,9,8,6,0.7333333333333334,1.7777777777777777,3.7777777777777777,8,0.0,0,,,,,,
2057,ltspice_examples,40,46,14,0.8205128205128205,2.3,8.9,46,0.0,8,,,,,,
6014,ltspice_examples,19,22,9,0.8017543859649123,2.3157894736842106,6.7368421052631575,22,0.1508771929824561,6,,,,,,
3461A,ltspice_examples,18,20,13,0.8611111111111112,2.2222222222222223,6.888888888888889,20,0.0777777777777777,4,,,,,,
1010,ltspice_examples,9,8,6,0.8666666666666667,1.7777777777777777,4.666666666666667,8,0.0,0,,,,,,
2642-14,ltspice_examples,22,24,12,0.7355371900826446,2.1818181818181817,8.545454545454545,24,0.0414141414141414,4,,,,,,
160,ltspice_examples,102,58,26,0.690718954248366,1.1372549019607845,1.4509803921568627,58,0.0,0,,,,,,
7652,ltspice_examples,37,43,20,0.9058795637743008,2.324324324324324,6.486486486486487,43,0.0,15,,,,,,
6106,ltspice_examples,12,13,9,0.875,2.1666666666666665,6.166666666666667,13,0.1055555555555555,4,,,,,,
1006,ltspice_examples,13,13,8,0.7728937728937728,2.0,5.230769230769231,13,0.0,4,,,,,,
OP777,ltspice_examples,14,14,7,0.8035714285714286,2.0,5.142857142857143,14,0.0,4,,,,,,
6405,ltspice_examples,18,19,9,0.8541666666666666,2.111111111111111,8.555555555555555,19,0.1506172839506173,3,,,,,,
ADA4051,ltspice_examples,14,14,7,0.8035714285714286,2.0,5.142857142857143,14,0.0,4,,,,,,
2641-12,ltspice_examples,16,15,9,0.5625,1.875,6.25,15,0.0,0,,,,,,
2908-C1,ltspice_examples,17,17,8,0.8235294117647058,2.0,7.411764705882353,17,0.0800653594771241,3,,,,,,
1051,ltspice_examples,20,24,9,0.84125,2.4,7.0,24,0.0716666666666666,7,,,,,,
1007A,ltspice_examples,11,11,8,0.8441558441558441,2.0,5.2727272727272725,11,0.1303030303030303,3,,,,,,
1114,ltspice_examples,27,35,11,0.9085185185185184,2.592592592592593,8.074074074074074,35,0.0530864197530864,12,,,,,,
AD8672,ltspice_examples,14,14,8,0.7789115646258504,2.0,5.142857142857143,14,0.0,4,,,,,,
ADP160-3,ltspice_examples,11,10,7,0.696969696969697,1.818181818181818,4.181818181818182,10,0.0,0,,,,,,
1013D,ltspice_examples,11,11,8,0.8441558441558441,2.0,5.2727272727272725,11,0.1303030303030303,3,,,,,,
1817,ltspice_examples,21,26,11,0.9044444444444444,2.4761904761904763,7.523809523809524,26,0.0603174603174603,7,,,,,,
AD5683R,ltspice_examples,16,12,8,0.6607142857142857,1.5,3.25,12,0.0,0,,,,,,
2942,ltspice_examples,13,14,9,0.9423076923076924,2.1538461538461537,7.384615384615385,14,0.0934065934065934,4,,,,,,
1397,ltspice_examples,43,54,18,0.8607843137254901,2.511627906976744,8.13953488372093,54,0.0666666666666666,14,,,,,,
2903-D1,ltspice_examples,24,24,11,0.8083333333333333,2.0,5.166666666666667,24,0.0583333333333333,3,,,,,,
6002,ltspice_examples,11,11,8,0.8441558441558441,2.0,5.2727272727272725,11,0.1303030303030303,3,,,,,,
1495,ltspice_examples,58,67,18,0.8546991210277214,2.310344827586207,6.724137931034483,67,0.0,10,,,,,,
3502,ltspice_examples,22,26,14,0.8776223776223776,2.363636363636364,8.090909090909092,26,0.1093073593073593,4,,,,,,
1084-3,ltspice_examples,9,8,6,0.7333333333333334,1.7777777777777777,3.7777777777777777,8,0.0,0,,,,,,
1616,ltspice_examples,25,28,16,0.8702222222222222,2.24,6.56,28,0.0,6,,,,,,
ADTL084,ltspice_examples,14,14,7,0.8035714285714286,2.0,5.142857142857143,14,0.0,4,,,,,,
6079,ltspice_examples,23,24,10,0.7954911433172304,2.0869565217391304,5.217391304347826,24,0.0623188405797101,8,,,,,,
ADA4092,ltspice_examples,14,14,7,0.8035714285714286,2.0,5.142857142857143,14,0.0,4,,,,,,
1991,ltspice_examples,13,12,6,0.8153846153846154,1.8461538461538465,7.846153846153846,12,0.0,0,,,,,,
1790-2,ltspice_examples,9,8,6,0.7333333333333334,1.7777777777777777,3.7777777777777777,8,0.0,0,,,,,,
3105,ltspice_examples,26,27,15,0.7912087912087913,2.076923076923077,7.461538461538462,27,0.0521367521367521,4,,,,,,
1587,ltspice_examples,12,12,7,0.8680555555555556,2.0,4.833333333333333,12,0.0,4,,,,,,
1354,ltspice_examples,30,35,15,0.8764285714285714,2.333333333333333,6.733333333333333,35,0.0,8,,,,,,
1211,ltspice_examples,19,23,9,0.8625,2.421052631578948,7.473684210526316,23,0.0666666666666666,6,,,,,,
LTC1998,ltspice_examples,26,23,15,0.783882783882784,1.7692307692307692,4.230769230769231,23,0.0,4,,,,,,
AD8648,ltspice_examples,14,14,7,0.8035714285714286,2.0,5.142857142857143,14,0.0,4,,,,,,
1084,ltspice_examples,12,12,9,0.875,2.0,4.833333333333333,12,0.0,4,,,,,,
1968,ltspice_examples,25,27,13,0.7822222222222222,2.16,6.16,27,0.0,5,,,,,,
6254,ltspice_examples,22,26,8,0.7711038961038962,2.363636363636364,7.181818181818182,26,0.1303030303030303,6,,,,,,
1207,ltspice_examples,29,32,14,,2.206896551724138,6.551724137931035,31,0.0,8,,,,,,
6993-2,ltspice_examples,15,15,9,0.7444444444444445,2.0,5.6,15,0.0,4,,,,,,
ADA4522-1,ltspice_examples,14,14,7,0.8035714285714286,2.0,5.142857142857143,14,0.0,4,,,,,,
1179,ltspice_examples,10,10,7,0.8833333333333333,2.0,5.4,10,0.1433333333333333,3,,,,,,
6203,ltspice_examples,11,11,7,0.803030303030303,2.0,5.2727272727272725,11,0.1303030303030303,3,,,,,,
MeasureBW,ltspice_examples,19,20,13,0.8947368421052632,2.1052631578947367,5.368421052631579,20,0.0,6,,,,,,
ADG1612,ltspice_examples,19,18,8,0.7744360902255639,1.894736842105263,10.63157894736842,18,0.0,0,,,,,,
ADP162-2,ltspice_examples,11,10,7,0.696969696969697,1.818181818181818,4.181818181818182,10,0.0,0,,,,,,
1250,ltspice_examples,11,11,7,0.803030303030303,2.0,5.2727272727272725,11,0.1303030303030303,3,,,,,,
6600-2,ltspice_examples,22,23,9,0.8693181818181819,2.090909090909091,6.090909090909091,23,0.0,10,,,,,,
1037,ltspice_examples,11,11,8,0.8441558441558441,2.0,5.2727272727272725,11,0.1303030303030303,3,,,,,,
1767-2,ltspice_examples,20,22,15,0.8928571428571429,2.2,7.1,22,0.0,6,,,,,,
1467,ltspice_examples,34,44,13,0.9151960784313724,2.588235294117647,8.529411764705882,44,0.0,10,,,,,,
1934,ltspice_examples,25,28,16,0.8702222222222222,2.24,6.56,28,0.0,6,,,,,,
phono,ltspice_examples,22,24,15,0.8917748917748918,2.1818181818181817,6.090909090909091,24,0.0,6,,,,,,
IGBT,ltspice_examples,6,5,3,0.75,1.6666666666666667,3.333333333333333,5,0.0,0,,,,,,
ADA4177-4,ltspice_examples,11,11,7,0.803030303030303,2.0,5.2727272727272725,11,0.1303030303030303,3,,,,,,
AD712,ltspice_examples,11,11,7,0.803030303030303,2.0,5.2727272727272725,11,0.1303030303030303,3,,,,,,
AD8643,ltspice_examples,14,14,7,0.8035714285714286,2.0,5.142857142857143,14,0.0,4,,,,,,
1706-82,ltspice_examples,21,21,12,0.6103896103896104,2.0,7.047619047619048,21,0.0251322751322751,3,,,,,,
1634-4,ltspice_examples,5,4,4,0.8666666666666667,1.6,2.8,4,0.0,0,,,,,,
1389-5,ltspice_examples,5,4,4,0.8666666666666667,1.6,2.8,4,0.0,0,,,,,,
1563,ltspice_examples,7,8,6,0.9714285714285714,2.2857142857142856,6.0,8,0.4285714285714285,3,,,,,,
690,ltspice_examples,23,24,14,0.8015607580824973,2.0869565217391304,6.608695652173913,24,0.0522774327122153,6,,,,,,
2965,ltspice_examples,13,14,9,0.8782051282051282,2.1538461538461537,6.307692307692308,14,0.1076923076923076,4,,,,,,
3509,ltspice_examples,21,24,15,0.8571428571428572,2.2857142857142856,8.476190476190476,24,0.1137566137566137,4,,,,,,
1014D,ltspice_examples,36,51,14,0.9111111111111112,2.833333333333333,10.055555555555555,51,0.0398148148148148,14,,,,,,
6910-1,ltspice_examples,15,14,9,0.65,1.8666666666666667,6.4,14,0.0,0,,,,,,
AD8602,ltspice_examples,14,14,7,0.8035714285714286,2.0,5.142857142857143,14,0.0,4,,,,,,
1587-3,ltspice_examples,9,8,6,0.7333333333333334,1.7777777777777777,3.7777777777777777,8,0.0,0,,,,,,
27C,ltspice_examples,13,14,10,0.8974358974358975,2.1538461538461537,6.0,14,0.0,4,,,,,,
AD5679R,ltspice_examples,12,10,7,0.6944444444444444,1.6666666666666667,4.0,10,0.0,0,,,,,,
2903-C1,ltspice_examples,12,12,8,0.761904761904762,2.0,5.833333333333333,12,0.1166666666666666,3,,,,,,
ADA4830,ltspice_examples,14,14,9,0.7321428571428572,2.0,6.285714285714286,14,0.0986394557823129,3,,,,,,
phaseshift,ltspice_examples,24,25,10,0.8526234567901234,2.083333333333333,5.0,25,0.0,10,,,,,,
2913-1,ltspice_examples,27,30,14,0.855650522317189,2.2222222222222223,7.851851851851852,30,0.0880658436213991,4,,,,,,
6108-2,ltspice_examples,21,23,14,0.8424908424908425,2.1904761904761907,7.238095238095238,23,0.1224489795918367,4,,,,,,
OP4177,ltspice_examples,14,14,7,0.8035714285714286,2.0,5.142857142857143,14,0.0,4,,,,,,
1723,ltspice_examples,28,34,14,0.9325091575091576,2.4285714285714284,7.571428571428571,34,0.0,6,,,,,,
6232,ltspice_examples,11,11,7,0.803030303030303,2.0,5.2727272727272725,11,0.1303030303030303,3,,,,,,
1024A,ltspice_examples,21,26,11,0.9044444444444444,2.4761904761904763,7.523809523809524,26,0.0603174603174603,7,,,,,,
1631,ltspice_examples,30,35,14,0.8731196581196581,2.333333333333333,6.733333333333333,35,0.0,8,,,,,,
1184F,ltspice_examples,48,57,25,,2.375,9.583333333333334,56,0.0280067155067155,11,,,,,,
1236-10,ltspice_examples,6,5,5,0.9166666666666666,1.6666666666666667,3.333333333333333,5,0.0,0,,,,,,
ADP163,ltspice_examples,15,15,10,0.7777777777777778,2.0,5.333333333333333,15,0.0,4,,,,,,
ADA4625-1,ltspice_examples,14,15,10,0.8412698412698413,2.142857142857143,6.428571428571429,15,0.0,4,,,,,,
ADA4000-2,ltspice_examples,11,11,7,0.803030303030303,2.0,5.2727272727272725,11,0.1303030303030303,3,,,,,,
1085-12,ltspice_examples,9,8,6,0.7333333333333334,1.7777777777777777,3.7777777777777777,8,0.0,0,,,,,,
ADG918,ltspice_examples,12,11,6,0.8,1.8333333333333333,7.0,11,0.0,0,,,,,,
ADA4627,ltspice_examples,14,14,7,0.8035714285714286,2.0,5.142857142857143,14,0.0,4,,,,,,
ADuM4120B,ltspice_examples,11,10,7,0.696969696969697,1.818181818181818,4.545454545454546,10,0.0,0,,,,,,
AD8546,ltspice_examples,11,11,8,0.8441558441558441,2.0,5.2727272727272725,11,0.1303030303030303,3,,,,,,
1728-5,ltspice_examples,11,10,7,0.696969696969697,1.818181818181818,4.545454545454546,10,0.0,0,,,,,,
1220,ltspice_examples,21,26,11,0.9044444444444444,2.4761904761904763,7.523809523809524,26,0.0603174603174603,7,,,,,,
phaseshift2,ltspice_examples,18,18,7,0.8827160493827161,2.0,4.555555555555555,18,0.0,8,,,,,,
1365,ltspice_examples,30,35,15,0.8764285714285714,2.333333333333333,6.733333333333333,35,0.0,8,,,,,,
ADuM4136,ltspice_examples,27,29,16,0.837037037037037,2.1481481481481484,7.555555555555555,29,0.0880658436213991,7,,,,,,
6087,ltspice_examples,23,25,13,0.8242753623188406,2.1739130434782608,6.521739130434782,25,0.0,4,,,,,,
AD8618,ltspice_examples,14,14,8,0.7789115646258504,2.0,5.142857142857143,14,0.0,4,,,,,,
6204,ltspice_examples,11,11,7,0.803030303030303,2.0,5.2727272727272725,11,0.1303030303030303,3,,,,,,
ADP166-2,ltspice_examples,11,10,7,0.696969696969697,1.818181818181818,4.181818181818182,10,0.0,0,,,,,,
1706-61,ltspice_examples,21,21,12,0.6103896103896104,2.0,7.047619047619048,21,0.0251322751322751,3,,,,,,
1055S8,ltspice_examples,46,52,20,0.9032036613272312,2.260869565217391,6.260869565217392,52,0.0,10,,,,,,
ADuM4122B,ltspice_examples,13,13,8,0.7802197802197802,2.0,5.6923076923076925,13,0.0,4,,,,,,
1129,ltspice_examples,15,16,8,0.7746031746031746,2.1333333333333333,5.866666666666666,16,0.0955555555555555,4,,,,,,
1083,ltspice_examples,12,12,9,0.875,2.0,4.833333333333333,12,0.0,4,,,,,,
6253,ltspice_examples,22,26,8,0.7711038961038962,2.363636363636364,7.181818181818182,26,0.1303030303030303,6,,,,,,
ADG1212,ltspice_examples,12,11,7,0.5833333333333333,1.8333333333333333,5.166666666666667,11,0.0,0,,,,,,
1353,ltspice_examples,30,35,15,0.8764285714285714,2.333333333333333,6.733333333333333,35,0.0,8,,,,,,
AD8065,ltspice_examples,16,17,10,0.8506944444444444,2.125,5.875,17,0.0,4,,,,,,
1216,ltspice_examples,47,61,16,0.8937588652482269,2.595744680851064,8.680851063829786,61,0.0,14,,,,,,
1790-5,ltspice_examples,9,8,6,0.7333333333333334,1.7777777777777777,3.7777777777777777,8,0.0,0,,,,,,
1996,ltspice_examples,13,12,6,0.8153846153846154,1.8461538461538465,7.846153846153846,12,0.0,0,,,,,,
1580,ltspice_examples,16,19,13,0.9583333333333334,2.375,7.625,19,0.0729166666666666,6,,,,,,
AD8032,ltspice_examples,11,11,7,0.803030303030303,2.0,5.2727272727272725,11,0.1303030303030303,3,,,,,,
6992-1,ltspice_examples,15,15,9,0.7444444444444445,2.0,5.6,15,0.0,4,,,,,,
2178,ltspice_examples,37,47,15,0.9084942084942084,2.5405405405405403,8.324324324324325,47,0.0,14,,,,,,
1492,ltspice_examples,22,24,10,0.8195286195286196,2.1818181818181817,5.818181818181818,24,0.0,6,,,,,,
3505,ltspice_examples,34,39,19,0.8623366013071896,2.294117647058824,7.411764705882353,39,0.0,6,,,,,,
1187,ltspice_examples,13,13,8,0.7692307692307692,2.0,6.461538461538462,13,0.1062271062271062,3,,,,,,
6906,ltspice_examples,8,7,5,0.8125,1.75,4.75,7,0.0,0,,,,,,
1056,ltspice_examples,46,52,20,0.9032036613272312,2.260869565217391,6.260869565217392,52,0.0,10,,,,,,
6090-5,ltspice_examples,19,20,13,0.912280701754386,2.1052631578947367,7.263157894736842,20,0.0,4,,,,,,
1012S8,ltspice_examples,20,21,11,0.8633333333333333,2.1,5.3,21,0.0,7,,,,,,
AD8675,ltspice_examples,14,14,7,0.8035714285714286,2.0,5.142857142857143,14,0.0,4,,,,,,
1113,ltspice_examples,30,35,14,0.8731196581196581,2.333333333333333,6.733333333333333,35,0.0,8,,,,,,
OP727,ltspice_examples,14,14,7,0.8035714285714286,2.0,5.142857142857143,14,0.0,4,,,,,,
ADP160-4,ltspice_examples,11,10,7,0.696969696969697,1.818181818181818,4.181818181818182,10,0.0,0,,,,,,
ADG451,ltspice_examples,12,11,7,0.5833333333333333,1.8333333333333333,5.166666666666667,11,0.0,0,,,,,,
2903-A1,ltspice_examples,16,16,9,0.7526041666666667,2.0,5.5,16,0.0875,3,,,,,,
1468-2,ltspice_examples,17,18,11,0.8823529411764706,2.117647058823529,5.647058823529412,18,0.0,6,,,,,,
1002A,ltspice_examples,21,26,11,0.9044444444444444,2.4761904761904763,7.523809523809524,26,0.0603174603174603,7,,,,,,
1001,ltspice_examples,23,28,9,0.8353260869565218,2.4347826086956523,7.130434782608695,28,0.0623188405797101,10,,,,,,
AD5686R,ltspice_examples,14,11,8,0.673469387755102,1.5714285714285714,3.571428571428572,11,0.0,0,,,,,,
6551,ltspice_examples,8,7,6,0.85,1.75,4.0,7,0.0,0,,,,,,
6101,ltspice_examples,12,13,9,0.875,2.1666666666666665,6.166666666666667,13,0.1055555555555555,4,,,,,,
1017,ltspice_examples,14,15,10,0.8941798941798942,2.142857142857143,6.0,15,0.0,4,,,,,,
1413A,ltspice_examples,19,20,9,0.8026315789473684,2.1052631578947367,5.684210526315789,20,0.0666666666666666,7,,,,,,
AD8634,ltspice_examples,14,14,7,0.8035714285714286,2.0,5.142857142857143,14,0.0,4,,,,,,
6013,ltspice_examples,19,22,9,0.8017543859649123,2.3157894736842106,6.7368421052631575,22,0.1508771929824561,6,,,,,,
Transformer,ltspice_examples,8,6,7,,1.5,2.5,5,0.0,0,,,,,,
1086-5,ltspice_examples,9,8,6,0.7333333333333334,1.7777777777777777,3.7777777777777777,8,0.0,0,,,,,,
1021-10,ltspice_examples,8,8,6,0.85,2.0,5.0,8,0.1875,3,,,,,,
2050,ltspice_examples,12,12,8,0.8452380952380952,2.0,5.833333333333333,12,0.1166666666666666,3,,,,,,
Cohn,ltspice_examples,26,25,10,0.8404558404558404,1.9230769230769231,4.153846153846154,25,0.0,0,,,,,,
Royer,ltspice_examples,51,60,26,,2.3529411764705883,9.294117647058824,59,0.0263592616533792,11,,,,,,
3092,ltspice_examples,10,10,8,0.9714285714285714,2.0,5.4,10,0.0,4,,,,,,
AD8663,ltspice_examples,14,14,7,0.8035714285714286,2.0,5.142857142857143,14,0.0,4,,,,,,
3991,ltspice_examples,29,32,17,0.8383620689655172,2.206896551724138,8.551724137931034,32,0.0408568443051201,4,,,,,,
2908-B1,ltspice_examples,26,25,14,0.752465483234714,1.9230769230769231,6.076923076923077,25,0.0,0,,,,,,
1006A,ltspice_examples,13,13,8,0.7728937728937728,2.0,5.230769230769231,13,0.0,4,,,,,,
ADuM4120-1A,ltspice_examples,11,10,7,0.696969696969697,1.818181818181818,4.545454545454546,10,0.0,0,,,,,,
1041,ltspice_examples,19,21,11,0.8842105263157894,2.210526315789474,7.473684210526316,21,0.0,4,,,,,,
1012D,ltspice_examples,20,21,11,0.8633333333333333,2.1,5.3,21,0.0,7,,,,,,
AD8662,ltspice_examples,14,14,7,0.8035714285714286,2.0,5.142857142857143,14,0.0,4,,,,,,
ADR4525,ltspice_examples,15,12,9,0.7333333333333334,1.6,3.066666666666667,12,0.0,0,,,,,,
6012,ltspice_examples,11,11,7,0.803030303030303,2.0,5.2727272727272725,11,0.1303030303030303,3,,,,,,
2903-E1,ltspice_examples,24,24,11,0.8083333333333333,2.0,5.166666666666667,24,0.0583333333333333,3,,,,,,
2051,ltspice_examples,12,12,8,0.8452380952380952,2.0,5.833333333333333,12,0.1166666666666666,3,,,,,,
2642-12,ltspice_examples,22,24,12,0.7355371900826446,2.1818181818181817,8.545454545454545,24,0.0414141414141414,4,,,,,,
ADG411,ltspice_examples,12,11,7,0.5833333333333333,1.8333333333333333,5.166666666666667,11,0.0,0,,,,,,
6550,ltspice_examples,9,8,6,0.7333333333333334,1.7777777777777777,4.666666666666667,8,0.0,0,,,,,,
AD549,ltspice_examples,12,13,9,0.875,2.1666666666666665,6.166666666666667,13,0.0,4,,,,,,
2641-14,ltspice_examples,16,15,9,0.5625,1.875,6.25,15,0.0,0,,,,,,
1057,ltspice_examples,28,38,13,0.9354166666666668,2.7142857142857144,9.357142857142858,38,0.0,12,,,,,,
AD8674,ltspice_examples,14,14,8,0.7789115646258504,2.0,5.142857142857143,14,0.0,4,,,,,,
1112,ltspice_examples,27,35,11,0.9085185185185184,2.592592592592593,8.074074074074074,35,0.0530864197530864,12,,,,,,
2050HV,ltspice_examples,12,12,8,0.8452380952380952,2.0,5.833333333333333,12,0.1166666666666666,3,,,,,,
6907,ltspice_examples,8,7,5,0.8125,1.75,4.75,7,0.0,0,,,,,,
1493,ltspice_examples,22,24,10,0.8195286195286196,2.1818181818181817,5.818181818181818,24,0.0,6,,,,,,
1169,ltspice_examples,15,16,9,0.8833333333333333,2.1333333333333333,5.6,16,0.0,6,,,,,,
1084-5,ltspice_examples,9,8,6,0.7333333333333334,1.7777777777777777,3.7777777777777777,8,0.0,0,,,,,,
6090,ltspice_examples,19,20,13,0.912280701754386,2.1052631578947367,7.263157894736842,20,0.0,4,,,,,,
AD8033,ltspice_examples,11,11,7,0.803030303030303,2.0,5.2727272727272725,11,0.1303030303030303,3,,,,,,
2179,ltspice_examples,37,47,15,0.9084942084942084,2.5405405405405403,8.324324324324325,47,0.0,14,,,,,,
1102A,ltspice_examples,11,10,6,0.7818181818181819,1.818181818181818,6.181818181818182,10,0.0,0,,,,,,
ADTL082,ltspice_examples,14,14,7,0.8035714285714286,2.0,5.142857142857143,14,0.0,4,,,,,,
ADA4610,ltspice_examples,14,14,7,0.8035714285714286,2.0,5.142857142857143,14,0.0,4,,,,,,
1790-4,ltspice_examples,9,8,6,0.7333333333333334,1.7777777777777777,3.7777777777777777,8,0.0,0,,,,,,
Howland,ltspice_examples,17,18,9,0.8088235294117647,2.117647058823529,5.647058823529412,18,0.0,4,,,,,,
1581,ltspice_examples,16,19,13,0.9583333333333334,2.375,7.625,19,0.0729166666666666,6,,,,,,
3695,ltspice_examples,31,35,19,0.8942652329749103,2.2580645161290325,10.580645161290322,35,0.075977785655205,4,,,,,,
1352,ltspice_examples,30,35,15,0.8764285714285714,2.333333333333333,6.733333333333333,35,0.0,8,,,,,,
AD8571,ltspice_examples,14,14,7,0.8035714285714286,2.0,5.142857142857143,14,0.0,4,,,,,,
1128,ltspice_examples,14,15,11,0.9142857142857144,2.142857142857143,5.857142857142857,15,0.0,5,,,,,,
ADP166-3,ltspice_examples,11,10,7,0.696969696969697,1.818181818181818,4.181818181818182,10,0.0,0,,,,,,
ISO7637-2_example,ltspice_examples,6,4,4,0.7777777777777778,1.3333333333333333,2.0,4,0.0,0,,,,,,
1022A,ltspice_examples,26,33,11,0.8802564102564103,2.5384615384615383,7.846153846153846,33,0.0,10,,,,,,
ADuM4122C,ltspice_examples,13,13,8,0.7802197802197802,2.0,5.6923076923076925,13,0.0,4,,,,,,
6993-4,ltspice_examples,15,15,9,0.7444444444444445,2.0,5.6,15,0.0,4,,,,,,
3512,ltspice_examples,38,40,23,,2.1052631578947367,10.421052631578949,39,0.0309210526315789,5,,,,,,
AD8619,ltspice_examples,14,14,7,0.8035714285714286,2.0,5.142857142857143,14,0.0,4,,,,,,
AD820,ltspice_examples,11,11,7,0.803030303030303,2.0,5.2727272727272725,11,0.1303030303030303,3,,,,,,
4054-4,ltspice_examples,11,11,8,0.8441558441558441,2.0,5.2727272727272725,11,0.0,4,,,,,,
ADP162-4,ltspice_examples,11,10,7,0.696969696969697,1.818181818181818,4.181818181818182,10,0.0,0,,,,,,
1256,ltspice_examples,35,41,15,0.8183673469387756,2.342857142857143,9.2,41,0.0675324675324675,6,,,,,,
ADuM4120C,ltspice_examples,11,10,7,0.696969696969697,1.818181818181818,4.545454545454546,10,0.0,0,,,,,,
1221,ltspice_examples,31,39,12,0.8865102639296187,2.5161290322580645,7.612903225806452,39,0.0462365591397849,14,,,,,,
1364,ltspice_examples,30,35,15,0.8764285714285714,2.333333333333333,6.733333333333333,35,0.0,8,,,,,,
1585-3,ltspice_examples,9,8,6,0.7333333333333334,1.7777777777777777,3.7777777777777777,8,0.0,0,,,,,,
1028CS,ltspice_examples,21,23,15,0.8934240362811792,2.1904761904761907,6.190476190476191,23,0.0,6,,,,,,
ADG919,ltspice_examples,12,11,6,0.8,1.8333333333333333,7.0,11,0.0,0,,,,,,
AD8510,ltspice_examples,14,14,7,0.8035714285714286,2.0,5.142857142857143,14,0.0,4,,,,,,
6419,ltspice_examples,20,23,10,0.8666666666666667,2.3,7.8,23,0.0,4,,,,,,
1178A,ltspice_examples,10,10,6,0.74,2.0,5.4,10,0.1433333333333333,3,,,,,,
ADG1634,ltspice_examples,23,22,8,0.782608695652174,1.9130434782608696,12.869565217391305,22,0.0,0,,,,,,
OP291,ltspice_examples,14,14,7,0.8035714285714286,2.0,5.142857142857143,14,0.0,4,,,,,,
1630,ltspice_examples,30,35,14,0.8731196581196581,2.333333333333333,6.733333333333333,35,0.0,8,,,,,,
AD8506,ltspice_examples,14,14,7,0.8035714285714286,2.0,5.142857142857143,14,0.0,4,,,,,,
1260,ltspice_examples,11,11,7,0.803030303030303,2.0,5.2727272727272725,11,0.1303030303030303,3,,,,,,
3971A,ltspice_examples,30,34,18,0.8506535947712418,2.2666666666666666,9.0,34,0.0394949494949494,4,,,,,,
6233,ltspice_examples,20,22,11,0.8683333333333334,2.2,5.9,22,0.0,6,,,,,,
3461,ltspice_examples,18,20,13,0.8611111111111112,2.2222222222222223,6.888888888888889,20,0.0777777777777777,4,,,,,,
2956-1,ltspice_examples,48,50,22,0.7824074074074074,2.083333333333333,8.458333333333334,50,0.0700622294372294,4,,,,,,
6376,ltspice_examples,17,17,8,0.8683473389355743,2.0,7.529411764705882,17,0.0,4,,,,,,
AD8551,ltspice_examples,14,14,7,0.8035714285714286,2.0,5.142857142857143,14,0.0,4,,,,,,
2935-1,ltspice_examples,11,12,7,0.8181818181818181,2.1818181818181817,6.363636363636363,12,0.2303030303030303,3,,,,,,
ADG1419,ltspice_examples,19,18,11,0.6210526315789474,1.894736842105263,6.0,18,0.0,0,,,,,,
1722,ltspice_examples,28,34,14,0.9325091575091576,2.4285714285714284,7.571428571428571,34,0.0,6,,,,,,
118A,ltspice_examples,11,11,7,0.803030303030303,2.0,5.2727272727272725,11,0.1303030303030303,3,,,,,,
2914-2,ltspice_examples,42,49,21,0.8761904761904762,2.333333333333333,9.904761904761903,49,0.0560090702947845,4,,,,,,
HandsFreePreamp,ltspice_examples,29,32,19,0.9045338441890166,2.206896551724138,5.931034482758621,32,0.0,10,,,,,,
IdealTransformer,ltspice_examples,18,19,9,0.7916666666666666,2.111111111111111,5.666666666666667,19,0.0,4,,,,,,
691,ltspice_examples,31,33,14,0.8502894954507858,2.129032258064516,11.741935483870968,33,0.071505376344086,6,,,,,,
2909-33,ltspice_examples,23,24,12,0.758893280632411,2.0869565217391304,6.434782608695652,24,0.0,6,,,,,,
6905-80,ltspice_examples,9,8,6,0.7333333333333334,1.7777777777777777,4.666666666666667,8,0.0,0,,,,,,
3695-3,ltspice_examples,28,31,16,0.8960317460317461,2.2142857142857144,10.785714285714286,31,0.0841182626896912,4,,,,,,
2919-33,ltspice_examples,25,28,13,0.7933333333333333,2.24,8.32,28,0.0,6,,,,,,
1634-5,ltspice_examples,5,4,4,0.8666666666666667,1.6,2.8,4,0.0,0,,,,,,
1389-4,ltspice_examples,5,4,4,0.8666666666666667,1.6,2.8,4,0.0,0,,,,,,
1562,ltspice_examples,32,42,11,0.94375,2.625,17.5,42,0.2197368421052631,6,,,,,,
1077,ltspice_examples,11,11,7,0.7878787878787878,2.0,5.2727272727272725,11,0.1303030303030303,3,,,,,,
6248,ltspice_examples,32,37,10,0.7782407407407408,2.3125,6.75,37,0.0,14,,,,,,
OP213,ltspice_examples,14,14,7,0.8035714285714286,2.0,5.142857142857143,14,0.0,4,,,,,,
ADA4807-4,ltspice_examples,11,11,7,0.803030303030303,2.0,5.2727272727272725,11,0.1303030303030303,3,,,,,,
2919-25,ltspice_examples,25,28,13,0.7933333333333333,2.24,8.32,28,0.0,6,,,,,,
6905-96,ltspice_examples,9,8,6,0.7333333333333334,1.7777777777777777,4.666666666666667,8,0.0,0,,,,,,
2909-25,ltspice_examples,23,24,12,0.758893280632411,2.0869565217391304,6.434782608695652,24,0.0,6,,,,,,
AD8091,ltspice_examples,14,14,8,0.7789115646258504,2.0,5.142857142857143,14,0.0,4,,,,,,
AD744,ltspice_examples,11,11,7,0.803030303030303,2.0,5.2727272727272725,11,0.1303030303030303,3,,,,,,
1124,ltspice_examples,12,12,8,0.8333333333333334,2.0,5.166666666666667,12,0.1194444444444444,3,,,,,,
AD8642,ltspice_examples,14,14,7,0.8035714285714286,2.0,5.142857142857143,14,0.0,4,,,,,,
1490A,ltspice_examples,15,17,9,0.8666666666666667,2.2666666666666666,6.4,17,0.0,4,,,,,,
AD8029,ltspice_examples,12,12,8,0.8452380952380952,2.0,5.833333333333333,12,0.1166666666666666,3,,,,,,
AD8479,ltspice_examples,12,12,8,0.761904761904762,2.0,5.833333333333333,12,0.1166666666666666,3,,,,,,
117H,ltspice_examples,12,12,8,0.9087301587301588,2.0,4.666666666666667,12,0.0,4,,,,,,
AD713,ltspice_examples,11,11,7,0.803030303030303,2.0,5.2727272727272725,11,0.1303030303030303,3,,,,,,
1726-5,ltspice_examples,21,20,12,0.7272727272727273,1.9047619047619049,5.809523809523809,20,0.0,0,,,,,,
OP747,ltspice_examples,14,14,7,0.8035714285714286,2.0,5.142857142857143,14,0.0,4,,,,,,
ADP165-ADJ,ltspice_examples,15,15,10,0.7777777777777778,2.0,5.333333333333333,15,0.0,4,,,,,,
AD590,ltspice_examples,4,3,3,0.75,1.5,2.5,3,0.0,0,,,,,,
1767-3,ltspice_examples,20,22,15,0.8928571428571429,2.2,7.1,22,0.0,6,,,,,,
1466,ltspice_examples,34,44,13,0.9151960784313724,2.588235294117647,8.529411764705882,44,0.0,10,,,,,,
1084-12,ltspice_examples,9,8,6,0.7333333333333334,1.7777777777777777,3.7777777777777777,8,0.0,0,,,,,,
1367,ltspice_examples,34,44,13,0.9151960784313724,2.588235294117647,8.529411764705882,44,0.0,10,,,,,,
1672,ltspice_examples,23,28,11,0.9043478260869564,2.4347826086956523,7.826086956521739,28,0.117391304347826,7,,,,,,
AD8544,ltspice_examples,14,14,7,0.8035714285714286,2.0,5.142857142857143,14,0.0,4,,,,,,
1222,ltspice_examples,12,12,9,0.875,2.0,5.833333333333333,12,0.1166666666666666,3,,,,,,
notch,ltspice_examples,43,46,14,0.8163387000596304,2.13953488372093,6.093023255813954,46,0.0,7,,,,,,
3012B,ltspice_examples,19,19,10,0.8830409356725146,2.0,8.210526315789474,19,0.0,4,,,,,,
2ndOrderComplexzero,ltspice_examples,25,28,14,0.7661538461538462,2.24,6.64,28,0.0,6,,,,,,
AD8682,ltspice_examples,14,14,7,0.8035714285714286,2.0,5.142857142857143,14,0.0,4,,,,,,
AD8513,ltspice_examples,14,14,7,0.8035714285714286,2.0,5.142857142857143,14,0.0,4,,,,,,
6363,ltspice_examples,16,17,8,0.7857142857142858,2.125,7.25,17,0.1711309523809523,3,,,,,,
OP292,ltspice_examples,14,14,7,0.8035714285714286,2.0,5.142857142857143,14,0.0,4,,,,,,
ADP161,ltspice_examples,15,15,10,0.7777777777777778,2.0,5.333333333333333,15,0.0,4,,,,,,
6654-4,ltspice_examples,12,9,7,0.6944444444444444,1.5,2.6666666666666665,9,0.0,0,,,,,,
1633,ltspice_examples,20,24,10,0.8866666666666667,2.4,7.3,24,0.0633333333333333,7,,,,,,
1799,ltspice_examples,7,7,6,0.9428571428571428,2.0,5.142857142857143,7,0.2142857142857142,3,,,,,,
AD8505,ltspice_examples,14,14,7,0.8035714285714286,2.0,5.142857142857143,14,0.0,4,,,,,,
varactor2,ltspice_examples,87,81,18,,1.862068965517241,3.931034482758621,75,0.0,10,,,,,,
OP284,ltspice_examples,14,14,7,0.8035714285714286,2.0,5.142857142857143,14,0.0,4,,,,,,
6375,ltspice_examples,17,17,8,0.8683473389355743,2.0,7.529411764705882,17,0.0,4,,,,,,
6230,ltspice_examples,12,12,9,0.875,2.0,5.833333333333333,12,0.1166666666666666,3,,,,,,
AD8047,ltspice_examples,14,14,8,0.7789115646258504,2.0,5.142857142857143,14,0.0,4,,,,,,
AD8552,ltspice_examples,14,14,7,0.8035714285714286,2.0,5.142857142857143,14,0.0,4,,,,,,
2935-2,ltspice_examples,10,9,6,0.76,1.8,4.8,9,0.0,0,,,,,,
2941-1,ltspice_examples,10,10,7,0.9,2.0,6.2,10,0.1399999999999999,3,,,,,,
1467L,ltspice_examples,34,44,13,0.9151960784313724,2.588235294117647,8.529411764705882,44,0.0,10,,,,,,
2930,ltspice_examples,31,31,17,0.752016129032258,2.0,7.741935483870968,31,0.0434995112414467,3,,,,,,
2914-1,ltspice_examples,42,49,21,0.8761904761904762,2.333333333333333,9.904761904761903,49,0.0560090702947845,4,,,,,,
2875,ltspice_examples,23,28,12,0.9110671936758892,2.4347826086956523,10.0,28,0.1481366459627329,4,,,,,,
6910-3,ltspice_examples,15,14,9,0.65,1.8666666666666667,6.4,14,0.0,0,,,,,,
6600-10,ltspice_examples,22,23,9,0.8693181818181819,2.090909090909091,6.090909090909091,23,0.0,10,,,,,,
2064,ltspice_examples,16,16,9,0.7473958333333334,2.0,5.5,16,0.0875,3,,,,,,
ADG1436,ltspice_examples,16,15,8,0.5714285714285715,1.875,6.25,15,0.0,0,,,,,,
692,ltspice_examples,23,25,14,0.8082497212931996,2.1739130434782608,7.130434782608695,25,0.0987577639751552,6,,,,,,
1727-2,ltspice_examples,15,17,8,0.8095238095238095,2.2666666666666666,8.4,17,0.0,4,,,,,,
AD8657,ltspice_examples,14,14,7,0.8035714285714286,2.0,5.142857142857143,14,0.0,4,,,,,,
AD8092,ltspice_examples,14,14,8,0.7789115646258504,2.0,5.142857142857143,14,0.0,4,,,,,,
6656-5,ltspice_examples,6,5,4,0.6666666666666667,1.6666666666666667,3.333333333333333,5,0.0,0,,,,,,
OP37,ltspice_examples,14,14,8,0.7789115646258504,2.0,5.142857142857143,14,0.0,4,,,,,,
1127,ltspice_examples,27,35,11,0.9109876543209876,2.592592592592593,8.074074074074074,35,0.0530864197530864,12,,,,,,
1121-3,ltspice_examples,14,13,7,0.8571428571428572,1.8571428571428568,6.714285714285714,13,0.0,0,,,,,,
AD8641,ltspice_examples,14,14,7,0.8035714285714286,2.0,5.142857142857143,14,0.0,4,,,,,,
1259,ltspice_examples,11,11,7,0.803030303030303,2.0,5.2727272727272725,11,0.1303030303030303,3,,,,,,
117K,ltspice_examples,12,12,8,0.9087301587301588,2.0,4.666666666666667,12,0.0,4,,,,,,
1465,ltspice_examples,30,35,14,0.8731196581196581,2.333333333333333,6.733333333333333,35,0.0,8,,,,,,
LTZ1000,ltspice_examples,36,46,18,0.8655228758169935,2.555555555555556,8.944444444444445,46,0.0,14,,,,,,
6752-2,ltspice_examples,13,13,8,0.8681318681318682,2.0,7.384615384615385,13,0.1053113553113553,3,,,,,,
1804,ltspice_examples,31,37,15,0.9,2.3870967741935485,6.903225806451613,37,0.0,10,,,,,,
ADA4528-2,ltspice_examples,14,14,7,0.8035714285714286,2.0,5.142857142857143,14,0.0,4,,,,,,
1412,ltspice_examples,12,11,7,0.5833333333333333,1.8333333333333333,5.166666666666667,11,0.0,0,,,,,,
1042,ltspice_examples,19,21,11,0.8842105263157894,2.210526315789474,7.473684210526316,21,0.0,4,,,,,,
MonteCarlo,ltspice_examples,17,16,8,0.8361344537815126,1.8823529411764703,4.352941176470588,16,0.0,0,,,,,,
ADuM4120-1B,ltspice_examples,11,10,7,0.696969696969697,1.818181818181818,4.545454545454546,10,0.0,0,,,,,,
2052,ltspice_examples,11,11,7,0.803030303030303,2.0,5.2727272727272725,11,0.1303030303030303,3,,,,,,
ADA4500,ltspice_examples,14,14,7,0.8035714285714286,2.0,5.142857142857143,14,0.0,4,,,,,,
AD8548,ltspice_examples,11,11,8,0.8441558441558441,2.0,5.2727272727272725,11,0.1303030303030303,3,,,,,,
6011,ltspice_examples,11,11,7,0.803030303030303,2.0,5.2727272727272725,11,0.1303030303030303,3,,,,,,
1150,ltspice_examples,19,22,8,0.8140350877192983,2.3157894736842106,6.7368421052631575,22,0.075438596491228,7,,,,,,
ADG412,ltspice_examples,12,11,7,0.5833333333333333,1.8333333333333333,5.166666666666667,11,0.0,0,,,,,,
ADP2443,ltspice_examples,44,48,21,0.8863636363636364,2.1818181818181817,15.5,48,0.0873907054737094,6,,,,,,
1015,ltspice_examples,14,14,8,0.7789115646258504,2.0,5.714285714285714,14,0.0,4,,,,,,
6905-133,ltspice_examples,9,8,6,0.7333333333333334,1.7777777777777777,4.666666666666667,8,0.0,0,,,,,,
6553,ltspice_examples,12,11,7,0.7222222222222223,1.8333333333333333,6.0,11,0.0,0,,,,,,
6103,ltspice_examples,19,21,10,0.8557504873294347,2.210526315789474,7.052631578947368,21,0.0,6,,,,,,
6416,ltspice_examples,21,21,10,0.8518518518518519,2.0,6.285714285714286,21,0.0,8,,,,,,
1783,ltspice_examples,16,18,11,0.9104166666666668,2.25,6.75,18,0.0458333333333333,5,,,,,,
2179A,ltspice_examples,37,47,15,0.9084942084942084,2.5405405405405403,8.324324324324325,47,0.0,14,,,,,,
1795,ltspice_examples,15,15,9,0.7416666666666667,2.0,6.933333333333334,15,0.0912698412698412,3,,,,,,
2910,ltspice_examples,57,60,25,0.8428362573099415,2.1052631578947367,7.929824561403507,60,0.0412698412698412,4,,,,,,
waveout,ltspice_examples,12,8,6,0.6000000000000001,1.3333333333333333,2.0,8,0.0,0,,,,,,
opamp,ltspice_examples,24,28,8,0.8611111111111112,2.333333333333333,6.166666666666667,28,0.0,12,,,,,,
1056A,ltspice_examples,46,52,20,0.9032036613272312,2.260869565217391,6.260869565217392,52,0.0,10,,,,,,
1013A,ltspice_examples,11,11,8,0.8441558441558441,2.0,5.2727272727272725,11,0.1303030303030303,3,,,,,,
1812,ltspice_examples,32,36,15,0.8934151785714286,2.25,6.8125,36,0.0,8,,,,,,
1999-20,ltspice_examples,13,13,8,0.8681318681318682,2.0,7.384615384615385,13,0.1053113553113553,3,,,,,,
DCopPnt,ltspice_examples,45,60,19,0.9313168724279836,2.6666666666666665,8.666666666666666,60,0.0,20,,,,,,
1886,ltspice_examples,34,40,14,0.9215686274509804,2.3529411764705883,6.705882352941177,40,0.0,12,,,,,,
ADG5212,ltspice_examples,12,11,7,0.5833333333333333,1.8333333333333333,5.166666666666667,11,0.0,0,,,,,,
6210,ltspice_examples,16,16,9,0.7526041666666667,2.0,5.5,16,0.0,4,,,,,,
1490,ltspice_examples,15,17,9,0.8666666666666667,2.2666666666666666,6.4,17,0.0,4,,,,,,
6230-10,ltspice_examples,12,12,8,0.761904761904762,2.0,5.833333333333333,12,0.1166666666666666,3,,,,,,
Wien,ltspice_examples,24,26,13,0.8272569444444444,2.1666666666666665,5.916666666666667,26,0.0,7,,,,,,
4411,ltspice_examples,12,11,8,0.761904761904762,1.8333333333333333,4.166666666666667,11,0.0,0,,,,,,
AD8030,ltspice_examples,11,11,7,0.803030303030303,2.0,5.2727272727272725,11,0.1303030303030303,3,,,,,,
6992-3,ltspice_examples,15,15,9,0.7444444444444445,2.0,5.6,15,0.0,4,,,,,,
6247,ltspice_examples,20,23,11,0.8563333333333334,2.3,6.6,23,0.0716666666666666,4,,,,,,
1097,ltspice_examples,16,17,8,0.8214285714285714,2.125,5.5,17,0.0895833333333333,7,,,,,,
6752,ltspice_examples,9,9,7,0.8888888888888888,2.0,5.555555555555555,9,0.1592592592592592,3,,,,,,
1214,ltspice_examples,23,25,12,0.8577075098814229,2.1739130434782608,5.826086956521739,25,0.0,6,,,,,,
AD8572,ltspice_examples,14,14,7,0.8035714285714286,2.0,5.142857142857143,14,0.0,4,,,,,,
1351,ltspice_examples,32,37,16,0.8920138888888889,2.3125,7.0625,37,0.0,8,,,,,,
AD8067,ltspice_examples,15,15,9,0.8194444444444444,2.0,5.066666666666666,15,0.0,4,,,,,,
1037A,ltspice_examples,11,11,8,0.8441558441558441,2.0,5.2727272727272725,11,0.1303030303030303,3,,,,,,
ADA4522-4,ltspice_examples,14,14,7,0.8035714285714286,2.0,5.142857142857143,14,0.0,4,,,,,,
1706-63,ltspice_examples,21,21,12,0.6103896103896104,2.0,7.047619047619048,21,0.0251322751322751,3,,,,,,
1193,ltspice_examples,13,13,8,0.7692307692307692,2.0,6.461538461538462,13,0.1062271062271062,3,,,,,,
1469,ltspice_examples,11,11,7,0.803030303030303,2.0,5.2727272727272725,11,0.1303030303030303,3,,,,,,
AD823,ltspice_examples,11,11,7,0.803030303030303,2.0,5.2727272727272725,11,0.1303030303030303,3,,,,,,
1236-5,ltspice_examples,5,4,4,0.8666666666666667,1.6,3.2,4,0.0,0,,,,,,
3511,ltspice_examples,38,40,23,,2.1052631578947367,10.421052631578949,39,0.0309210526315789,5,,,,,,
6085,ltspice_examples,11,11,8,0.8441558441558441,2.0,5.2727272727272725,11,0.1303030303030303,3,,,,,,
6084,ltspice_examples,12,12,9,0.875,2.0,5.833333333333333,12,0.1166666666666666,3,,,,,,
1468,ltspice_examples,17,18,11,0.8823529411764706,2.117647058823529,5.647058823529412,18,0.0,6,,,,,,
AD822,ltspice_examples,11,11,7,0.803030303030303,2.0,5.2727272727272725,11,0.1303030303030303,3,,,,,,
ADuM4122A,ltspice_examples,13,13,8,0.7802197802197802,2.0,5.6923076923076925,13,0.0,4,,,,,,
AD8565,ltspice_examples,14,14,7,0.8035714285714286,2.0,5.142857142857143,14,0.0,4,,,,,,
ADA4891,ltspice_examples,14,14,7,0.8035714285714286,2.0,5.142857142857143,14,0.0,4,,,,,,
1716,ltspice_examples,9,8,6,0.7333333333333334,1.7777777777777777,4.666666666666667,8,0.0,0,,,,,,
ADP166-1,ltspice_examples,11,10,7,0.696969696969697,1.818181818181818,4.181818181818182,10,0.0,0,,,,,,
ADG1211,ltspice_examples,12,11,7,0.5833333333333333,1.8333333333333333,5.166666666666667,11,0.0,0,,,,,,
1085-3,ltspice_examples,9,8,6,0.7333333333333334,1.7777777777777777,3.7777777777777777,8,0.0,0,,,,,,
1057S,ltspice_examples,28,38,13,0.9354166666666668,2.7142857142857144,9.357142857142858,38,0.0,12,,,,,,
colpits,ltspice_examples,17,17,11,0.8686274509803922,2.0,4.705882352941177,17,0.0,6,,,,,,
1215,ltspice_examples,19,22,8,0.8140350877192983,2.3157894736842106,6.7368421052631575,22,0.075438596491228,7,,,,,,
AD8066,ltspice_examples,16,17,10,0.8506944444444444,2.125,5.875,17,0.0,4,,,,,,
6246,ltspice_examples,19,21,11,0.8578947368421053,2.210526315789474,6.7368421052631575,21,0.0,5,,,,,,
1079,ltspice_examples,33,46,14,0.9325563325563324,2.787878787878788,9.515151515151516,46,0.0818181818181818,14,,,,,,
ADA4096,ltspice_examples,14,14,7,0.8035714285714286,2.0,5.142857142857143,14,0.0,4,,,,,,
AD8031,ltspice_examples,11,11,7,0.803030303030303,2.0,5.2727272727272725,11,0.1303030303030303,3,,,,,,
6992-2,ltspice_examples,15,15,9,0.7444444444444445,2.0,5.6,15,0.0,4,,,,,,
3014B,ltspice_examples,17,17,10,0.869281045751634,2.0,6.941176470588236,17,0.0,4,,,,,,
6211,ltspice_examples,16,16,9,0.7526041666666667,2.0,5.5,16,0.0,4,,,,,,
1184,ltspice_examples,43,52,24,,2.4186046511627906,11.488372093023257,51,0.0312292358803986,10,,,,,,
1491,ltspice_examples,15,17,9,0.8666666666666667,2.2666666666666666,6.4,17,0.0,4,,,,,,
3506,ltspice_examples,51,58,23,0.8628045157456923,2.2745098039215685,9.92156862745098,58,0.0,6,,,,,,
2057HV,ltspice_examples,40,46,14,0.8205128205128205,2.3,8.9,46,0.0,8,,,,,,
1083-5,ltspice_examples,9,8,6,0.7333333333333334,1.7777777777777777,3.7777777777777777,8,0.0,0,,,,,,
6905,ltspice_examples,8,8,6,0.95,2.0,5.75,8,0.1791666666666666,3,,,,,,
1693-3,ltspice_examples,25,27,15,0.9,2.16,6.48,27,0.0,6,,,,,,
ADG452,ltspice_examples,12,11,7,0.5833333333333333,1.8333333333333333,5.166666666666667,11,0.0,0,,,,,,
1813,ltspice_examples,34,45,14,0.9292232277526395,2.647058823529412,8.882352941176471,45,0.0,14,,,,,,
1055,ltspice_examples,46,52,20,0.9032036613272312,2.260869565217391,6.260869565217392,52,0.0,10,,,,,,
2641-16,ltspice_examples,16,15,9,0.5625,1.875,6.25,15,0.0,0,,,,,,
317A,ltspice_examples,12,12,8,0.9087301587301588,2.0,4.666666666666667,12,0.0,4,,,,,,
Eg1,ltspice_examples,11,11,8,0.8441558441558441,2.0,5.2727272727272725,11,0.0,4,,,,,,
AD8508,ltspice_examples,14,14,7,0.8035714285714286,2.0,5.142857142857143,14,0.0,4,,,,,,
1002,ltspice_examples,21,26,11,0.9044444444444444,2.4761904761904763,7.523809523809524,26,0.0603174603174603,7,,,,,,
6403-1,ltspice_examples,18,19,9,0.8541666666666666,2.111111111111111,8.555555555555555,19,0.1506172839506173,3,,,,,,
2919-50,ltspice_examples,25,28,13,0.7933333333333333,2.24,8.32,28,0.0,6,,,,,,
2909-50,ltspice_examples,23,24,12,0.758893280632411,2.0869565217391304,6.434782608695652,24,0.0,6,,,,,,
1706-19,ltspice_examples,19,19,11,0.6210526315789474,2.0,6.631578947368421,19,0.0281954887218045,3,,,,,,
1782,ltspice_examples,16,18,11,0.9104166666666668,2.25,6.75,18,0.0458333333333333,5,,,,,,
1151,ltspice_examples,20,24,9,0.84125,2.4,7.0,24,0.0716666666666666,7,,,,,,
1014,ltspice_examples,36,51,14,0.9111111111111112,2.833333333333333,10.055555555555555,51,0.0398148148148148,14,,,,,,
ADG1401,ltspice_examples,12,11,7,0.5833333333333333,1.8333333333333333,5.166666666666667,11,0.0,0,,,,,,
6010,ltspice_examples,12,12,8,0.8452380952380952,2.0,5.833333333333333,12,0.1166666666666666,3,,,,,,
1805,ltspice_examples,31,37,15,0.9,2.3870967741935485,6.903225806451613,37,0.0,10,,,,,,
OP227,ltspice_examples,14,14,8,0.7789115646258504,2.0,5.142857142857143,14,0.0,4,,,,,,
1413,ltspice_examples,19,20,9,0.8026315789473684,2.1052631578947367,5.684210526315789,20,0.0666666666666666,7,,,,,,
ADuM4120-1C,ltspice_examples,11,10,7,0.696969696969697,1.818181818181818,4.545454545454546,10,0.0,0,,,,,,
1940,ltspice_examples,48,55,17,0.8637152777777778,2.2916666666666665,10.5,55,0.0,6,,,,,,
1767-1,ltspice_examples,20,22,15,0.8928571428571429,2.2,7.1,22,0.0,6,,,,,,
1464,ltspice_examples,30,35,14,0.8731196581196581,2.333333333333333,6.733333333333333,35,0.0,8,,,,,,
AD8617,ltspice_examples,14,14,7,0.8035714285714286,2.0,5.142857142857143,14,0.0,4,,,,,,
1050A,ltspice_examples,39,45,21,0.8855982905982906,2.3076923076923075,6.666666666666667,45,0.0,13,,,,,,
1521,ltspice_examples,17,17,9,0.8455882352941176,2.0,6.941176470588236,17,0.0,4,,,,,,
OP1177,ltspice_examples,14,14,8,0.7789115646258504,2.0,5.142857142857143,14,0.0,4,,,,,,
6752-3,ltspice_examples,14,14,8,0.8775510204081632,2.0,8.142857142857142,14,0.0972222222222222,3,,,,,,
1052CS,ltspice_examples,37,43,20,0.9058795637743008,2.324324324324324,6.486486486486487,43,0.0,15,,,,,,
2927,ltspice_examples,24,26,14,0.8076923076923077,2.1666666666666665,7.0,26,0.1125992063492063,4,,,,,,
AD711,ltspice_examples,11,11,7,0.803030303030303,2.0,5.2727272727272725,11,0.1303030303030303,3,,,,,,
6088,ltspice_examples,22,26,8,0.7711038961038962,2.363636363636364,7.181818181818182,26,0.1303030303030303,6,,,,,,
6656-4,ltspice_examples,6,5,4,0.6666666666666667,1.6666666666666667,3.333333333333333,5,0.0,0,,,,,,
1126,ltspice_examples,11,11,8,0.8441558441558441,2.0,5.2727272727272725,11,0.1303030303030303,3,,,,,,
AD746,ltspice_examples,11,11,7,0.803030303030303,2.0,5.2727272727272725,11,0.1303030303030303,3,,,,,,
1706-81,ltspice_examples,21,21,12,0.6103896103896104,2.0,7.047619047619048,21,0.0251322751322751,3,,,,,,
varistor,ltspice_examples,7,5,6,0.9428571428571428,1.4285714285714286,2.2857142857142856,5,0.0,0,,,,,,
astable,ltspice_examples,17,20,9,0.9448529411764706,2.3529411764705883,6.352941176470588,20,0.0,8,,,,,,
693,ltspice_examples,31,33,14,0.8502894954507858,2.129032258064516,11.741935483870968,33,0.071505376344086,6,,,,,,
1022,ltspice_examples,26,33,11,0.8802564102564103,2.5384615384615383,7.846153846153846,33,0.0,10,,,,,,
6910-2,ltspice_examples,15,14,9,0.65,1.8666666666666667,6.4,14,0.0,0,,,,,,
AD8601,ltspice_examples,14,14,7,0.8035714285714286,2.0,5.142857142857143,14,0.0,4,,,,,,
1028A,ltspice_examples,21,23,15,0.8934240362811792,2.1904761904761907,6.190476190476191,23,0.0,6,,,,,,
OP495,ltspice_examples,14,14,7,0.8035714285714286,2.0,5.142857142857143,14,0.0,4,,,,,,
2913-2,ltspice_examples,27,30,14,0.855650522317189,2.2222222222222223,7.851851851851852,30,0.0880658436213991,4,,,,,,
GFT,ltspice_examples,54,61,28,0.8823731138545954,2.259259259259259,7.2592592592592595,61,0.0,19,,,,,,
1235,ltspice_examples,25,28,12,0.8909090909090909,2.24,14.0,28,0.172,3,,,,,,
2935-3,ltspice_examples,11,12,7,0.8181818181818181,2.1818181818181817,6.363636363636363,12,0.2303030303030303,3,,,,,,
stepAC,ltspice_examples,17,16,8,0.7983193277310925,1.8823529411764703,4.705882352941177,16,0.0,0,,,,,,
1580-2,ltspice_examples,13,16,10,0.9316239316239316,2.4615384615384617,8.307692307692308,16,0.1846153846153846,4,,,,,,
ADA4665,ltspice_examples,14,14,7,0.8035714285714286,2.0,5.142857142857143,14,0.0,4,,,,,,
1086H,ltspice_examples,12,12,9,0.875,2.0,4.833333333333333,12,0.0,4,,,,,,
6231,ltspice_examples,11,11,7,0.803030303030303,2.0,5.2727272727272725,11,0.1303030303030303,3,,,,,,
6654-5,ltspice_examples,12,9,7,0.6944444444444444,1.5,2.6666666666666665,9,0.0,0,,,,,,
1632,ltspice_examples,20,24,10,0.8866666666666667,2.4,7.3,24,0.0633333333333333,7,,,,,,
AD5766,ltspice_examples,12,11,7,0.5833333333333333,1.8333333333333333,5.166666666666667,11,0.0,0,,,,,,
ADM7155-04,ltspice_examples,22,23,9,0.728219696969697,2.090909090909091,6.545454545454546,23,0.0622294372294372,4,,,,,,
stepmodelparam,ltspice_examples,6,5,4,0.6666666666666667,1.6666666666666667,3.333333333333333,5,0.0,0,,,,,,
6362,ltspice_examples,16,17,8,0.7857142857142858,2.125,7.25,17,0.1711309523809523,3,,,,,,
1018,ltspice_examples,45,54,24,0.8889855072463768,2.4,7.6,54,0.0,15,,,,,,
ADA4625-2,ltspice_examples,14,15,10,0.8412698412698413,2.142857142857143,6.428571428571429,15,0.0,4,,,,,,
ADA4000-1,ltspice_examples,11,11,7,0.803030303030303,2.0,5.2727272727272725,11,0.1303030303030303,3,,,,,,
AD8512,ltspice_examples,14,14,7,0.8035714285714286,2.0,5.142857142857143,14,0.0,4,,,,,,
3971,ltspice_examples,29,32,17,0.8383620689655172,2.206896551724138,8.551724137931034,32,0.0408568443051201,4,,,,,,
ADuM4135,ltspice_examples,28,33,16,0.8785714285714286,2.357142857142857,9.857142857142858,33,0.2038961038961038,7,,,,,,
1366,ltspice_examples,18,23,10,0.9090534979423868,2.555555555555556,7.888888888888889,23,0.0796296296296296,6,,,,,,
ADuM4120A,ltspice_examples,11,10,7,0.696969696969697,1.818181818181818,4.545454545454546,10,0.0,0,,,,,,
1673,ltspice_examples,23,28,11,0.9043478260869564,2.4347826086956523,7.826086956521739,28,0.117391304347826,7,,,,,,
1223,ltspice_examples,11,11,8,0.8441558441558441,2.0,5.2727272727272725,11,0.1303030303030303,3,,,,,,
1007CS,ltspice_examples,11,11,8,0.8441558441558441,2.0,5.2727272727272725,11,0.1303030303030303,3,,,,,,
1012A,ltspice_examples,20,21,11,0.8633333333333333,2.1,5.3,21,0.0,7,,,,,,
AD8667,ltspice_examples,14,14,7,0.8035714285714286,2.0,5.142857142857143,14,0.0,4,,,,,,
1101,ltspice_examples,11,10,6,0.7818181818181819,1.818181818181818,6.181818181818182,10,0.0,0,,,,,,
1057A,ltspice_examples,28,38,13,0.9354166666666668,2.7142857142857144,9.357142857142858,38,0.0,12,,,,,,
1802,ltspice_examples,30,35,15,0.8764285714285714,2.333333333333333,6.733333333333333,35,0.0,8,,,,,,
1947,ltspice_examples,44,48,21,0.8116477272727273,2.1818181818181817,7.090909090909091,48,0.0,6,,,,,,
ADP165-3,ltspice_examples,11,10,7,0.696969696969697,1.818181818181818,4.181818181818182,10,0.0,0,,,,,,
stepnoise,ltspice_examples,16,16,8,0.8392857142857143,2.0,4.5,16,0.0,6,,,,,,
6600-20,ltspice_examples,22,23,9,0.8693181818181819,2.090909090909091,6.090909090909091,23,0.0,10,,,,,,
6017,ltspice_examples,16,17,9,0.875,2.125,5.5,17,0.0895833333333333,7,,,,,,
1228,ltspice_examples,26,28,14,0.8668639053254438,2.1538461538461537,6.461538461538462,28,0.0526556776556776,6,,,,,,
1469-2,ltspice_examples,17,18,11,0.8823529411764706,2.117647058823529,5.647058823529412,18,0.0,6,,,,,,
2054,ltspice_examples,11,11,7,0.803030303030303,2.0,5.2727272727272725,11,0.1303030303030303,3,,,,,,
2178A,ltspice_examples,37,47,15,0.9084942084942084,2.5405405405405403,8.324324324324325,47,0.0,14,,,,,,
AD8630,ltspice_examples,14,14,7,0.8035714285714286,2.0,5.142857142857143,14,0.0,4,,,,,,
1013,ltspice_examples,11,11,8,0.8441558441558441,2.0,5.2727272727272725,11,0.1303030303030303,3,,,,,,
1510-5,ltspice_examples,36,39,20,0.8827972709551657,2.1666666666666665,9.38888888888889,39,0.0,6,,,,,,
6105,ltspice_examples,16,16,9,0.8268229166666667,2.0,5.5,16,0.0,6,,,,,,
ADG5412,ltspice_examples,15,14,9,0.65,1.8666666666666667,5.066666666666666,14,0.0,0,,,,,,
1510,ltspice_examples,36,39,20,0.8827972709551657,2.1666666666666665,9.38888888888889,39,0.0,6,,,,,,
1793,ltspice_examples,30,35,14,0.8731196581196581,2.333333333333333,6.733333333333333,35,0.0,8,,,,,,
6406,ltspice_examples,18,19,9,0.8541666666666666,2.111111111111111,8.555555555555555,19,0.1506172839506173,3,,,,,,
1639,ltspice_examples,15,17,10,0.8938271604938272,2.2666666666666666,6.4,17,0.0511111111111111,5,,,,,,
1814,ltspice_examples,34,45,14,0.9292232277526395,2.647058823529412,8.882352941176471,45,0.0,14,,,,,,
1001S8,ltspice_examples,23,28,9,0.8353260869565218,2.4347826086956523,7.130434782608695,28,0.0623188405797101,10,,,,,,
AD8671,ltspice_examples,14,14,8,0.7789115646258504,2.0,5.142857142857143,14,0.0,4,,,,,,
1052,ltspice_examples,37,43,20,0.9058795637743008,2.324324324324324,6.486486486486487,43,0.0,15,,,,,,
4600,ltspice_examples,18,18,9,0.8611111111111112,2.0,9.333333333333334,18,0.0658249158249158,3,,,,,,
4054X-4,ltspice_examples,11,11,8,0.8441558441558441,2.0,5.2727272727272725,11,0.0,4,,,,,,
dimmer,ltspice_examples,16,15,11,0.8666666666666667,1.875,4.0,15,0.0,6,,,,,,
2941,ltspice_examples,12,13,9,0.9375,2.1666666666666665,6.833333333333333,13,0.1027777777777777,4,,,,,,
1394,ltspice_examples,10,9,6,0.76,1.8,5.4,9,0.0,0,,,,,,
6001,ltspice_examples,12,12,9,0.875,2.0,5.833333333333333,12,0.1166666666666666,3,,,,,,
1880,ltspice_examples,11,11,8,0.8441558441558441,2.0,5.2727272727272725,11,0.1303030303030303,3,,,,,,
1496,ltspice_examples,58,67,18,0.8546991210277214,2.310344827586207,6.724137931034483,67,0.0,10,,,,,,
ADA4091,ltspice_examples,14,14,7,0.8035714285714286,2.0,5.142857142857143,14,0.0,4,,,,,,
1584,ltspice_examples,12,12,7,0.8680555555555556,2.0,4.833333333333333,12,0.0,4,,,,,,
1790-1,ltspice_examples,9,8,6,0.7333333333333334,1.7777777777777777,3.7777777777777777,8,0.0,0,,,,,,
AD8574,ltspice_examples,14,14,7,0.8035714285714286,2.0,5.142857142857143,14,0.0,4,,,,,,
1212,ltspice_examples,19,23,9,0.8625,2.421052631578948,7.473684210526316,23,0.0666666666666666,6,,,,,,
1357,ltspice_examples,30,35,15,0.8764285714285714,2.333333333333333,6.733333333333333,35,0.0,8,,,,,,
4054L-4,ltspice_examples,9,8,6,0.7333333333333334,1.7777777777777777,4.666666666666667,8,0.0,0,,,,,,
1068,ltspice_examples,41,57,19,0.9267389340560072,2.7804878048780486,17.121951219512194,57,0.1999999999999999,8,,,,,,
ADA4522-2,ltspice_examples,14,14,7,0.8035714285714286,2.0,5.142857142857143,14,0.0,4,,,,,,
6993-1,ltspice_examples,15,15,9,0.7444444444444445,2.0,5.6,15,0.0,4,,,,,,
ADA4896,ltspice_examples,14,14,7,0.8035714285714286,2.0,5.142857142857143,14,0.0,4,,,,,,
ADG1611,ltspice_examples,19,18,8,0.7744360902255639,1.894736842105263,10.63157894736842,18,0.0,0,,,,,,
ADP166-ADJ,ltspice_examples,15,15,10,0.7777777777777778,2.0,5.333333333333333,15,0.0,4,,,,,,
1195,ltspice_examples,25,27,14,0.8769230769230769,2.16,5.92,27,0.0,8,,,,,,
1997-1,ltspice_examples,24,24,10,0.9012345679012346,2.0,11.75,24,0.0,5,,,,,,
6200,ltspice_examples,12,12,8,0.8452380952380952,2.0,5.833333333333333,12,0.1166666666666666,3,,,,,,
6233-10,ltspice_examples,20,22,11,0.8683333333333334,2.2,5.9,22,0.0,6,,,,,,
AD4003,ltspice_examples,21,20,11,0.6952380952380952,1.9047619047619049,7.142857142857143,20,0.0,0,,,,,,
ADP162-1,ltspice_examples,11,10,7,0.696969696969697,1.818181818181818,4.181818181818182,10,0.0,0,,,,,,
1361,ltspice_examples,30,35,15,0.8764285714285714,2.333333333333333,6.733333333333333,35,0.0,8,,,,,,
2058,ltspice_examples,16,16,10,0.8449074074074074,2.0,5.5,16,0.0,4,,,,,,
1674,ltspice_examples,23,28,11,0.9043478260869564,2.4347826086956523,7.826086956521739,28,0.117391304347826,7,,,,,,
1224,ltspice_examples,17,18,11,0.8725490196078431,2.117647058823529,5.647058823529412,18,0.0,6,,,,,,
1728-1,ltspice_examples,11,10,7,0.696969696969697,1.818181818181818,4.545454545454546,10,0.0,0,,,,,,
AD8542,ltspice_examples,14,14,7,0.8035714285714286,2.0,5.142857142857143,14,0.0,4,,,,,,
AD8684,ltspice_examples,14,14,7,0.8035714285714286,2.0,5.142857142857143,14,0.0,4,,,,,,
ADG1236,ltspice_examples,14,13,7,0.5833333333333334,1.8571428571428568,5.714285714285714,13,0.0,0,,,,,,
1004-1,ltspice_examples,5,4,4,0.8666666666666667,1.6,2.8,4,0.0,0,,,,,,
AD8515,ltspice_examples,14,14,7,0.8035714285714286,2.0,5.142857142857143,14,0.0,4,,,,,,
6703-3,ltspice_examples,10,11,7,0.8833333333333333,2.2,6.0,11,0.1333333333333333,4,,,,,,
2912-1,ltspice_examples,19,21,12,0.8532695374800638,2.210526315789474,7.368421052631579,21,0.1265664160401002,4,,,,,,
6220,ltspice_examples,30,35,15,0.8764285714285714,2.333333333333333,6.733333333333333,35,0.0,8,,,,,,
6654-2,ltspice_examples,12,9,7,0.6944444444444444,1.5,2.6666666666666665,9,0.0,0,,,,,,
ADM7155-03,ltspice_examples,22,23,9,0.728219696969697,2.090909090909091,6.545454545454546,23,0.0622294372294372,4,,,,,,
6236,ltspice_examples,12,12,9,0.875,2.0,5.833333333333333,12,0.1166666666666666,3,,,,,,
1009,ltspice_examples,10,10,7,0.888888888888889,2.0,4.6,10,0.0,4,,,,,,
OP113,ltspice_examples,14,14,7,0.8035714285714286,2.0,5.142857142857143,14,0.0,4,,,,,,
AD8041,ltspice_examples,12,12,8,0.8452380952380952,2.0,5.833333333333333,12,0.1166666666666666,3,,,,,,
AD8554,ltspice_examples,14,14,7,0.8035714285714286,2.0,5.142857142857143,14,0.0,4,,,,,,
2935-4,ltspice_examples,10,9,6,0.76,1.8,4.8,9,0.0,0,,,,,,
1398,ltspice_examples,13,13,9,0.8076923076923077,2.0,5.6923076923076925,13,0.1076923076923076,3,,,,,,
4600HV,ltspice_examples,16,16,8,0.8928571428571429,2.0,9.75,16,0.0844696969696969,3,,,,,,
2900-1,ltspice_examples,28,29,16,0.773015873015873,2.071428571428572,7.071428571428571,29,0.0,4,,,,,,
1818,ltspice_examples,19,22,8,0.8390977443609022,2.3157894736842106,6.7368421052631575,22,0.075438596491228,4,,,,,,
3013B,ltspice_examples,21,22,12,0.8643578643578643,2.095238095238096,8.19047619047619,22,0.0645502645502645,4,,,,,,
1249,ltspice_examples,61,66,28,,2.1639344262295084,6.065573770491803,65,0.0,14,,,,,,
OP492,ltspice_examples,14,14,7,0.8035714285714286,2.0,5.142857142857143,14,0.0,4,,,,,,
1374HV-5,ltspice_examples,24,27,17,0.8871527777777778,2.25,7.75,27,0.0,6,,,,,,
AD8606,ltspice_examples,14,14,7,0.8035714285714286,2.0,5.142857142857143,14,0.0,4,,,,,,
ADA4666-2,ltspice_examples,14,14,7,0.8035714285714286,2.0,5.142857142857143,14,0.0,4,,,,,,
694,ltspice_examples,23,24,14,0.8015607580824973,2.0869565217391304,6.608695652173913,24,0.0522774327122153,6,,,,,,
noise,ltspice_examples,46,61,20,0.9289092295957284,2.652173913043478,8.565217391304348,61,0.0,20,,,,,,
ADA4807-1,ltspice_examples,12,12,8,0.8452380952380952,2.0,5.833333333333333,12,0.1166666666666666,3,,,,,,
OP27,ltspice_examples,14,14,8,0.7789115646258504,2.0,5.142857142857143,14,0.0,4,,,,,,
1389-1,ltspice_examples,5,4,4,0.8666666666666667,1.6,2.8,4,0.0,0,,,,,,
1208,ltspice_examples,30,35,15,0.8764285714285714,2.333333333333333,6.733333333333333,35,0.0,8,,,,,,
37C,ltspice_examples,13,14,10,0.8974358974358975,2.1538461538461537,6.0,14,0.0,4,,,,,,
1967,ltspice_examples,25,27,13,0.7822222222222222,2.16,6.16,27,0.0,5,,,,,,
6656-3,ltspice_examples,6,5,4,0.6666666666666667,1.6666666666666667,3.333333333333333,5,0.0,0,,,,,,
1121-5,ltspice_examples,14,13,7,0.8571428571428572,1.8571428571428568,6.714285714285714,13,0.0,0,,,,,,
1055A,ltspice_examples,46,52,20,0.9032036613272312,2.260869565217391,6.260869565217392,52,0.0,10,,,,,,
1121,ltspice_examples,17,17,9,0.8455882352941176,2.0,6.941176470588236,17,0.0,4,,,,,,
1999-10,ltspice_examples,13,13,8,0.8681318681318682,2.0,7.384615384615385,13,0.1053113553113553,3,,,,,,
5532,ltspice_examples,11,11,7,0.803030303030303,2.0,5.2727272727272725,11,0.1303030303030303,3,,,,,,
1021-5,ltspice_examples,12,13,8,0.9047619047619048,2.1666666666666665,5.5,13,0.0,6,,,,,,
1466L,ltspice_examples,34,44,13,0.9151960784313724,2.588235294117647,8.529411764705882,44,0.0,10,,,,,,
AD8539,ltspice_examples,14,14,7,0.8035714285714286,2.0,5.142857142857143,14,0.0,4,,,,,,
OP191,ltspice_examples,14,14,7,0.8035714285714286,2.0,5.142857142857143,14,0.0,4,,,,,,
UniversalOpamp2,ltspice_examples,21,26,7,0.8238095238095238,2.4761904761904763,9.428571428571429,26,0.0,4,,,,,,
1463,ltspice_examples,30,35,14,0.8731196581196581,2.333333333333333,6.733333333333333,35,0.0,8,,,,,,
ADA4700-1,ltspice_examples,14,14,7,0.8035714285714286,2.0,5.142857142857143,14,0.0,4,,,,,,
4602HV,ltspice_examples,16,16,8,0.8928571428571429,2.0,9.75,16,0.0844696969696969,3,,,,,,
1462,ltspice_examples,30,35,14,0.8731196581196581,2.333333333333333,6.733333333333333,35,0.0,8,,,,,,
AD8538,ltspice_examples,14,14,7,0.8035714285714286,2.0,5.142857142857143,14,0.0,4,,,,,,
ADA4177-1,ltspice_examples,11,11,7,0.803030303030303,2.0,5.2727272727272725,11,0.1303030303030303,3,,,,,,
1966,ltspice_examples,17,15,11,,1.7647058823529411,4.117647058823529,14,0.0,0,,,,,,
6656-2,ltspice_examples,6,5,4,0.6666666666666667,1.6666666666666667,3.333333333333333,5,0.0,0,,,,,,
1209,ltspice_examples,30,35,15,0.8764285714285714,2.333333333333333,6.733333333333333,35,0.0,8,,,,,,
1083-12,ltspice_examples,9,8,6,0.7333333333333334,1.7777777777777777,3.7777777777777777,8,0.0,0,,,,,,
1270A,ltspice_examples,20,21,12,0.8409090909090908,2.1,5.5,21,0.0,6,,,,,,
1727-5,ltspice_examples,15,17,8,0.8095238095238095,2.2666666666666666,8.4,17,0.0,4,,,,,,
1634-1,ltspice_examples,5,4,4,0.8666666666666667,1.6,2.8,4,0.0,0,,,,,,
AD5770R,ltspice_examples,14,13,9,0.7321428571428572,1.8571428571428568,5.142857142857143,13,0.0,0,,,,,,
2063,ltspice_examples,16,16,9,0.7473958333333334,2.0,5.5,16,0.0875,3,,,,,,
695,ltspice_examples,31,33,14,0.8502894954507858,2.129032258064516,11.741935483870968,33,0.071505376344086,6,,,,,,
SoftDiodeRecovery,ltspice_examples,5,4,4,0.8666666666666667,1.6,2.8,4,0.0,0,,,,,,
wavein,ltspice_examples,3,2,3,1.0,1.3333333333333333,2.0,2,0.0,0,,,,,,
1024,ltspice_examples,21,26,11,0.9044444444444444,2.4761904761904763,7.523809523809524,26,0.0603174603174603,7,,,,,,
1014A,ltspice_examples,36,51,14,0.9111111111111112,2.833333333333333,10.055555555555555,51,0.0398148148148148,14,,,,,,
1051A,ltspice_examples,20,24,9,0.84125,2.4,7.0,24,0.0716666666666666,7,,,,,,
1999-50,ltspice_examples,13,13,8,0.8681318681318682,2.0,7.384615384615385,13,0.1053113553113553,3,,,,,,
audioamp,ltspice_examples,47,62,21,0.933900709219858,2.6382978723404253,8.46808510638298,62,0.0,21,,,,,,
OP2177,ltspice_examples,14,14,7,0.8035714285714286,2.0,5.142857142857143,14,0.0,4,,,,,,
1819,ltspice_examples,19,22,8,0.8390977443609022,2.3157894736842106,6.7368421052631575,22,0.075438596491228,4,,,,,,
ADR225,ltspice_examples,9,8,6,0.7333333333333334,1.7777777777777777,3.7777777777777777,8,0.0,0,,,,,,
1037CS,ltspice_examples,11,11,8,0.8441558441558441,2.0,5.2727272727272725,11,0.1303030303030303,3,,,,,,
AD795,ltspice_examples,11,11,7,0.803030303030303,2.0,5.2727272727272725,11,0.1303030303030303,3,,,,,,
AD8040,ltspice_examples,11,11,7,0.803030303030303,2.0,5.2727272727272725,11,0.1303030303030303,3,,,,,,
1399,ltspice_examples,52,60,17,0.8573717948717949,2.3076923076923075,6.923076923076923,60,0.0,12,,,,,,
ADuM4121A,ltspice_examples,12,12,8,0.761904761904762,2.0,5.833333333333333,12,0.1166666666666666,3,,,,,,
passive,ltspice_examples,53,52,14,0.809143686502177,1.962264150943396,4.90566037735849,52,0.0,0,,,,,,
6237,ltspice_examples,11,11,7,0.803030303030303,2.0,5.2727272727272725,11,0.1303030303030303,3,,,,,,
6654-3,ltspice_examples,12,9,7,0.6944444444444444,1.5,2.6666666666666665,9,0.0,0,,,,,,
LoopGain,ltspice_examples,32,36,12,0.8426136363636364,2.25,6.4375,36,0.0,7,,,,,,
1584-3,ltspice_examples,9,8,6,0.7333333333333334,1.7777777777777777,3.7777777777777777,8,0.0,0,,,,,,
6221,ltspice_examples,30,35,15,0.8764285714285714,2.333333333333333,6.733333333333333,35,0.0,8,,,,,,
1767,ltspice_examples,24,26,17,0.8871527777777778,2.1666666666666665,6.666666666666667,26,0.0,6,,,,,,
6703-2,ltspice_examples,8,8,6,0.85,2.0,5.0,8,0.1875,3,,,,,,
ADA4622,ltspice_examples,14,14,7,0.8035714285714286,2.0,5.142857142857143,14,0.0,4,,,,,,
1049,ltspice_examples,19,22,8,0.8140350877192983,2.3157894736842106,6.7368421052631575,22,0.075438596491228,7,,,,,,
varactor,ltspice_examples,26,23,12,,1.7692307692307692,3.5384615384615383,20,0.0,0,,,,,,
Fc,ltspice_examples,17,14,10,0.7995642701525054,1.6470588235294117,3.882352941176471,14,0.0,4,,,,,,
1360,ltspice_examples,30,35,15,0.8764285714285714,2.333333333333333,6.733333333333333,35,0.0,8,,,,,,
1225,ltspice_examples,31,39,12,0.8865102639296187,2.5161290322580645,7.612903225806452,39,0.0462365591397849,14,,,,,,
6908-2,ltspice_examples,8,8,6,0.95,2.0,5.75,8,0.1791666666666666,3,,,,,,
1252,ltspice_examples,17,18,11,0.8686274509803922,2.117647058823529,5.647058823529412,18,0.084313725490196,4,,,,,,
AD4002,ltspice_examples,18,17,10,0.7037037037037037,1.8888888888888888,6.777777777777778,17,0.0,0,,,,,,
6082,ltspice_examples,25,27,13,0.8633333333333334,2.16,5.6,27,0.0,8,,,,,,
AD824,ltspice_examples,11,11,7,0.803030303030303,2.0,5.2727272727272725,11,0.1303030303030303,3,,,,,,
HalfSlope,ltspice_examples,6,5,4,0.6666666666666667,1.6666666666666667,3.333333333333333,5,0.0,0,,,,,,
6201,ltspice_examples,11,11,7,0.803030303030303,2.0,5.2727272727272725,11,0.1303030303030303,3,,,,,,
2641A-16,ltspice_examples,16,15,9,0.5625,1.875,6.25,15,0.0,0,,,,,,
1085-5,ltspice_examples,9,8,6,0.7333333333333334,1.7777777777777777,3.7777777777777777,8,0.0,0,,,,,,
1086,ltspice_examples,12,12,9,0.875,2.0,4.833333333333333,12,0.0,4,,,,,,
1213,ltspice_examples,23,25,12,0.8577075098814229,2.1739130434782608,5.826086956521739,25,0.0,6,,,,,,
1356,ltspice_examples,30,35,15,0.8764285714285714,2.333333333333333,6.733333333333333,35,0.0,8,,,,,,
699,ltspice_examples,17,17,10,0.869281045751634,2.0,6.941176470588236,17,0.0707282913165266,3,,,,,,
ADG1201,ltspice_examples,12,11,7,0.5833333333333333,1.8333333333333333,5.166666666666667,11,0.0,0,,,,,,
1585,ltspice_examples,12,12,7,0.8680555555555556,2.0,4.833333333333333,12,0.0,4,,,,,,
6992-4,ltspice_examples,15,15,9,0.7444444444444445,2.0,5.6,15,0.0,4,,,,,,
1077A,ltspice_examples,11,11,7,0.7878787878787878,2.0,5.2727272727272725,11,0.1303030303030303,3,,,,,,
1028,ltspice_examples,21,23,15,0.8934240362811792,2.1904761904761907,6.190476190476191,23,0.0,6,,,,,,
1881,ltspice_examples,11,11,7,0.803030303030303,2.0,5.2727272727272725,11,0.1303030303030303,3,,,,,,
relax,ltspice_examples,14,15,9,0.875,2.142857142857143,5.714285714285714,15,0.0,4,,,,,,
1497,ltspice_examples,27,30,12,,2.2222222222222223,6.148148148148148,29,0.0,8,,,,,,
ADG1411,ltspice_examples,15,14,9,0.65,1.8666666666666667,5.066666666666666,14,0.0,0,,,,,,
6000,ltspice_examples,12,12,9,0.875,2.0,5.833333333333333,12,0.1166666666666666,3,,,,,,
1815,ltspice_examples,21,26,11,0.9044444444444444,2.4761904761904763,7.523809523809524,26,0.0603174603174603,7,,,,,,
ADP160-1,ltspice_examples,11,10,7,0.696969696969697,1.818181818181818,4.181818181818182,10,0.0,0,,,,,,
1562A,ltspice_examples,32,42,11,0.94375,2.625,17.5,42,0.2197368421052631,6,,,,,,
1053,ltspice_examples,20,24,9,0.84125,2.4,7.0,24,0.0716666666666666,7,,,,,,
1792,ltspice_examples,30,35,14,0.8731196581196581,2.333333333333333,6.733333333333333,35,0.0,8,,,,,,
1638,ltspice_examples,15,17,10,0.8938271604938272,2.2666666666666666,6.4,17,0.0511111111111111,5,,,,,,
3469,ltspice_examples,24,26,13,0.8217592592592593,2.1666666666666665,6.666666666666667,26,0.0570436507936507,4,,,,,,
6554,ltspice_examples,15,14,9,0.75,1.8666666666666667,5.733333333333333,14,0.0,0,,,,,,
6104,ltspice_examples,16,18,10,0.9131944444444444,2.25,8.125,18,0.150297619047619,4,,,,,,
6200-5,ltspice_examples,12,12,9,0.875,2.0,5.833333333333333,12,0.1166666666666666,3,,,,,,
1784,ltspice_examples,14,15,8,0.8877551020408163,2.142857142857143,5.714285714285714,15,0.0,5,,,,,,
2642-16,ltspice_examples,22,24,12,0.7355371900826446,2.1818181818181817,8.545454545454545,24,0.0414141414141414,4,,,,,,
3490,ltspice_examples,15,17,9,0.8083333333333333,2.2666666666666666,7.733333333333333,17,0.153015873015873,4,,,,,,
6994-2,ltspice_examples,15,15,9,0.7444444444444445,2.0,5.6,15,0.0,4,,,,,,
1012,ltspice_examples,20,21,11,0.8633333333333333,2.1,5.3,21,0.0,7,,,,,,
1696,ltspice_examples,12,11,7,0.5833333333333333,1.8333333333333333,5.166666666666667,11,0.0,0,,,,,,
6016,ltspice_examples,16,17,9,0.875,2.125,5.5,17,0.0895833333333333,7,,,,,,
1229,ltspice_examples,28,31,18,0.8723739495798319,2.2142857142857144,6.285714285714286,31,0.0,4,,,,,,
2055,ltspice_examples,11,11,7,0.803030303030303,2.0,5.2727272727272725,11,0.1303030303030303,3,,,,,,
AD8666,ltspice_examples,14,14,7,0.8035714285714286,2.0,5.142857142857143,14,0.0,4,,,,,,
1803,ltspice_examples,31,37,15,0.9,2.3870967741935485,6.903225806451613,37,0.0,10,,,,,,
1056S8,ltspice_examples,46,52,20,0.9032036613272312,2.260869565217391,6.260869565217392,52,0.0,10,,,,,,
ADP165-2,ltspice_examples,11,10,7,0.696969696969697,1.8181818181818181,4.181818181818182,10,0.0,0,,,,,,
